… Deine feine englische Art.,Heinrich VIII.,Redewendung,,
… und sie dreht sich doch!,Harald Juhnke,Galileo Galilei,,
»Was ist das?« »Das ist blaues Licht.« »Und was macht es?« »Es leuchtet blau.«,Deutsche Hochschule der Polizei,Rambo,,
20 Prozent auf alles - außer Tiernahrung.,Die FDP,Praktiker,,
"3, 2, 1, meins!",Ein Hedgefonds,eBay,,
A-E-I-O-U lass uns tanzen!,Therapeut zum Patienten,Kinderlied,,
Abends kann man in der Altstadt sehr leicht versacken.,Die Kölner U-Bahn,Wolfgang Overath,,
"Ach wie gut, dass niemand weiß, dass ich Rumpelstilzchen heiß.",Recep Tayyip Erdoğan zur Presse,Rumpelstilzchen,,
"Ah, jetzt, ja. Eine Insel!",Christopher Kolumbus,Dolls United,Eine Insel mit zwei Bergen (1955),
Ahaaa ahahaa. All the things I could to … if I had a little money.,Ein Heroinabhängiger,ABBA,,
"Alice, Alice, who the fuck is Alice?",Die Herzkönigin,Smokie,,
All I’m askin’ is for a little respect - just a little bit.,Der Pate,Aretha Franklin,,
Alle Narrheit erschöpfen - so gelangt man zum Boden der Weisheit.,Christian Drosten,Ludwig Börne,,
Alle Staatsgewalt geht vom Volke aus.,Marie Antoinette,Artikel 20 Grundgesetz,,
Alle Tiere sind gleich. Aber manche sind gleicher.,Schaf Dolly,George Orwell,,
Alle Vögel sind schon da.,Der Deutsche Burschenschaftsverband,"Hoffmann von Fallersleben ",,
"Alles hat ein Ende, nur die Wurst hat zwei.",Die allgemeinene Relativitätstheorie,Stephan Remmler,,
"Alles, was die Natur selbst anordnet, ist zu irgendeiner Absicht gut. Die ganze Natur überhaupt ist eigentlich nichts anderes, als ein Zusammenhang von Erscheinungen nach Regeln; und es gibt überall keine Regellosigkeit.",Robert Koch,Immanuel Kant,,
"Alles, was ich weiß, ist, dass ich kein Marxist bin.",Friedrich Merz,Karl Marx,,
"Als Gott den Menschen erschuf, war er bereits müde; das erklärt manches.",Adolph Freiherr von Knigge,Mark Twain,,
"Als ich in England war, habe ich ein oder zwei mal mit Marihuana experimentiert und ich mochte es nicht. Ich habe nicht inhaliert und es nie wieder probiert.",Keith Richards,Bill Clinton,,
"Als ich klein war, glaubte ich, Geld sei das Wichtigste im Leben. Heute, da ich alt bin, weiß ich: es stimmt.",Diogenes,Oscar Wilde,,
Am Anfang war das Wort - am Ende die Phrase.,Mel Gibson,Stanislaw Jerzy Lec,,
Am Anfang wurde das Universum erschaffen. Das machte viele Leute sehr wütend und wurde allenthalben als Schritt in die falsche Richtung angesehen.,"Genesis 1,1
",Douglas Adams,,
Am meisten erfreut man seine Gäste durch das Äußern dummer Gedanken.,Sabine Christiansen,Emily Dickinson,,https://www.aphorismen.de/zitat/108184
Amerika - die Entwicklung von der Barbarei zur Dekadenz ohne Umweg über die Kultur.,Theodore Roosevelt,Georges Clemenceau,,https://www.aphorismen.de/zitat/23700
Amerika - die Entwicklung von der Barbarei zur Dekadenz ohne Umweg über die Kultur.,Donald Trump,Georges Clemenceau,,
"An allem Unfug, der passiert, sind nicht etwa nur die schuld, die ihn tun, sondern auch die, die ihn nicht verhindern.",Hertha,Erich Kästner,,
"Atomwaffen? Wenn wir sie besitzen, warum benutzen wir sie dann nicht?",Indira Gandhi,Donald Trump,,
"Atomwaffen? Wenn wir sie besitzen, warum benutzen wir sie dann nicht?",Mahatma Gandhi,Donald Trump,,
Auf dem Markt glaubt niemand an höhere Menschen.,Ein Sklavenhändler,Friedrich Wilhelm Nietzsche,,
"Auf der Mauer, auf der Lauer, sitzt 'ne kleine Wanze.",Erich Mielke,Kinderlied,,
Auf diese Steine können Sie bauen.,Ulbricht zu Chruschtschow,Lego,,
"Aufklärung nennt man den Vorgang, bei dem ein Erwachsener mit Hilfe aller seiner Kenntnisse den Kindern ein Viertel von dem erzählt, was sie schon wissen.",Immanuel Kant,Wolfgang Herbst,,
Aufschub ist die tödlichste Form der Ablehnung.,EU zum Brexit,Winston Churchill,,
Aus Erfahrung gut.,Die Tochter der Wanderhure,Margaret Heckel,,
Aus großer Kraft folgt große Verantwortung.,Arnold Schwarzenegger,Spidermans Onkel,Spiderman,
Aus kleinem Anfang entspringen alle Dinge.,Thomas von Aquin,Marcus Tullius Cicero,,
Autoren sollten stehend an einem Pult schreiben. Dann würden ihnen ganz von selbst kurze Sätze einfallen.,J. R. R. Tolkien,Ernest Hemingway,,
"Bad boys, bad boys… Whatcha gonna do? Whatcha gonna do? When they come for you?",McKinsey & Company Unternehmensberatung,Inner Circle,,
Been a whole lot easier since the bitch is gone.,Seal,Spin Doctors,Little Miss Can’t Be Wrong,https://www.songtexte.com/songtext/spin-doctors/little-miss-cant-be-wrong-7b8ca6e8.html
"Been there, done that.",Neil Armstrong,Ausdruck,,
"Bei länger andauernder oder chronischer Anwendung können zentralnervöse Störungen wie Kopfschmerzen, Schwindel, Erbrechen, Ohrensausen, Sehstörungen oder Somnolenz (Schläfrigkeit) auftreten.",Die Bild-Zeitung,Packungsbeilage,,
"Beim Film ist Liebe harte Arbeit, da vergeht einem alles.",Eine Pornodarstellerin,Rudolf Prack,,
"Berlin, Berlin, wir fahren nach Berlin!",Die Rote Armee,Olaf Berger,,
Besser Diktator als schwul.,Der Papst,Alexander Lukaschenko,,
"Bestseller sind eine wunderbare Einrichtung: man kauft Bücher, braucht sie aber nicht zu lesen.",Wenzel R. R. Skowronek,Danny Kaye,,
"Bleib höflich und sachlich, das ärgert sie am meisten.",August Reinsdorf,Die Ärzte,Lasse redn,
Born this way.,Chuck Norris,Lady Gaga,,
"Bücher haben Ehrgefühl. Wenn man sie verleiht, kommen sie nicht mehr zurück.",Das Känguru,Theodor Fontane,,
"Bürgerliches Gesetzbuch in der Fassung der Bekanntmachung vom 2. Januar 2002, das zuletzt durch Artikel 1 des Gesetzes vom 10. Mai 2012 geändert worden ist.",Das Labyrinth der Meister,Gesetzgeber des BGB,,
C wie Zukunft.,Das Krümelmonster,Wahlkampfkampagne der CDU,,https://www.spiegel.de/politik/deutschland/c-wie-zukunft-cdu-wird-fuer-wahlplakat-veraeppelt-a-776660.html
Carpe Diem - Nutze den Tag!,Werner Mitsch,Horaz,,
Carpe Diem - Nutze den Tag!,Ein Vampir,Horaz,,
"Cause I’m T.N.T., I’m dynamite. T.N.T. and I’ll win the fight. T.N.T. I’m a power load. T.N.T. watch me explode.",Al-Qaida-Hymne,ACDC,TNT,
Charaktere sind unzerbrechlich - aber dehnbar.,Joschka Fischer,Stanislaw Jerzy Lec,,
"Charme ist die Art, wie ein Mensch 'ja' sagt, ohne dass ihm eine bestimmte Frage gestellt worden war.",Donatien Alphonse François de Sade,Albert Camus,,
Cogito ergo sum.,Donald Trump,René Descartes,,
Cogito ergo sum.,Stephen Hawking,René Descartes,,
"Come gather ’round people wherever you roam, and admit that the waters around you have grown.",Noah,Bob Dylan,The Times They Are Changing,
Come in and find out.,Das verrückte Labyrinth,Werbeslogan von Douglas,,
Computer sind die neueste technische Errungenschaft zur wirksamen Verzögerung der Büroarbeit.,Alan Turing,Cyril Northcote Parkinson,,
Da hat das rote Pferd sich einfach umgekehrt und hat mit seinem Schwanz die Fliege abgewehrt.,Johann Wolfgang von Goethe,Markus Becker,Das Rote Pferd,Nicht ganz klar
Da hat das rote Pferd sich einfach umgekehrt und hat mit seinem Schwanz die Fliege abgewehrt.,Wolfgang Amadeus Mozart,Markus Becker,Das Rote Pferd,
"Da oben hat man keine Zeit zu denken. Wenn man denkt, ist man tot.",Die oberen Zehntausend,Tom Cruise,Top Gun (1986),
Da simmer dabei! Dat is prima!,Bundestagsausschuss zum Afghanistan-Krieg,Höhner,Viva Colonia,
"Da, da, da.",Das Russische Parlament,Trio,Da Da Da,
Dabeisein ist 80 Prozent des Erfolges.,Fälschlicherweise oft Churchill in den Mund gelegt.,HIPP Werbung,,
Dafür stehe ich mit meinem Namen.,Karl-Theodor Maria Nikolaus Johann Jacob Philipp Franz Joseph Sylvester Freiherr von und zu Guttenberg,,,
Dann klappt’s auch mit dem Nachbarn.,Willy Brandt,Calgonit Werbung 1995,,
Darling you gotta let me know: Should I stay or should I go?,Der Euro,The Clash,Should I Stay or Should I Go,
"Das Endergebnis ist: Wir wissen erstaunlich wenig, und doch ist es erstaunlich, dass wir überhaupt so viel wissen, und noch erstaunlicher, dass so wenig Wissen uns so viel Macht geben kann.",Donald Trump,Michel De Montaigne,,
"Das Gehirn ist nicht nur ein Gefäß, das gefüllt werden muss, sondern ein Feuer, dass gezündet werden will.",Sir Karl Raimund Popper,Francois Rabelais,,"Möglicherweise Falsch zitiert. Beginnt normweise mit ""Ein Kind ist..."""
Das Grauen! Das Grauen!,RTL2-Programmplaner,grim104,Gleichnamige Album,unbekannt ob og richtig ist
"Das größte Übel der heutigen Jugend besteht darin, dass man nicht mehr dazugehört.",Zeuge Jehovas,Salvador Dalí,,
Das höchste Glück des Menschen ist die Befreiung von der Furcht.,Joseph Goebbels,Walther Rathenau,,
Das Internet ist für uns alle Neuland.,Die Borg,Angela Merkel,,
Das ist nicht meine Freundin. Ich helfe ihr nur schwanger zu werden.,Boris Becker,The Big Lebowski,The Big Lebowski,http://www.filmzitate.info/index-link.php?link=http://www.filmzitate.info/suche/film-zitate.php?film_id=128
"Das ist schön bei den Deutschen: Keiner ist so verrückt, dass er nicht einen noch Verrückteren fände, der ihn versteht.",Adolf Hitler,Heinrich Heine,,
"Das ist Wahnsinn. Warum schickst Du mich in die Hölle? Hölle, Hölle, Hölle!",Bischof Walter Mixa,Wolfgang Petry,,
Das Leben ist ein ewiges Wechselspiel aus Nehmen und Behalten.,Ein kaputter Cola-Automat,"Og nicht existent? Erste Quelle ist selbiges Zitat ",,
Das Leben ist eine Nuss. Sie lässt sich zwischen zwei weichen Kissen nicht knacken.,Das Känguru,Arthur Miller,,
"Das Leben ist ungerecht, aber denke daran: Nicht immer zu Deinen Ungunsten.",Josef Ackermann,John F. Kennedy,,
"Das Publikum fühlt sich am wohlsten, wenn eine Mittelmäßigkeit zu ihm redet.",Marc-Uwe Kling,Ocar Wilde,,
Das Recht auf Dummheit gehört zur Garantie der freien Entfaltung der Persönlichkeit.,Axel Krapotke,Mark Twain zugeschrieben,,https://falschzitate.blogspot.com/2020/07/das-recht-auf-dummheit-wird-von-der.html
"Das Regieren in einer Demokratie wäre wesentlich einfacher, wenn man nicht immer wieder Wahlen gewinnen müsste.",Adolf Hitler,George's B. Clemenceau,,
Das schönste aller Geheimnisse: ein Genie zu sein und es als einziger zu wissen.,Donald Trump,Mark Twain,,
"Das schwierigste am Diskutieren ist nicht, den eigenen Standpunkt zu verteidigen, sondern ihn zu kennen.",Horst Seehofer,André Maurois,,
"Das sind Gefühle, wo man schwer beschreiben kann.",Thomas Mann bei der Nobelpreisverleihung 1929,Harald Braun,,
Das Vergleichen ist das Ende des Glücks und der Anfang der Unzufriedenheit.,Ein AfD-Politiker,Søren Kierkegaard,,
Das Vergleichen ist das Ende des Glücks und der Anfang der Unzufriedenheit.,Dagobert Duck,Søren Kierkegaard,,
"Das wahre Vaterland ist das Land, wo man die meisten Menschen trifft, die einem gleichen.",Adolf Hitler,Henri Stendhal,,
Das wichtigste im Leben ist die Wahl des Berufes. Der Zufall entscheidet darüber.,Das Arbeitsamt,Baise Pascal,,
"Dass Frauen bisweilen boshafter sein können als Männer, mag daran liegen, dass die Erbsünde zuerst in sie gefahren ist.",Esther Vilar,Ernst R.Hauschka,,
Deine Mudder.,Das Orakel des Ödipus,Unbekannt,,
Dem Klügeren wird nachgegeben.,Donald Trump,Das Känguru,,
Dem Klügeren wird nachgegeben.,Die allgemeinene Relativitätstheorie,Das Känguru,,
"Demokratie ist nichts anderes, als das Niederknüppeln des Volkes durch das Volk für das Volk.",Angela Merkel,Oscar Wilde,,
"Denn es ist nicht genug, einen guten Kopf zu haben. Die Hauptsache ist, ihn richtig anzuwenden.",Marie Antoinette,René Descartes,,
Der angerufene Teilnehmer antwortet nicht.,Gott,Anrufbeantwortet,,"autom. Ansage Ja, aber wem zuzuordner"
Der Bericht über meinen Tod wurde stark übertrieben.,Ein Übermensch,"Mark Twain, eigentlich Samuel Langhorne Clemens",,
"Der beste Hellseher ist der, der gut raten kann.",Das Orakel von Delphi,Euripides,,
Der Computer ist die logische Weiterentwicklung des Menschen: Intelligenz ohne Moral.,Platon,John Osborne,,
Der Dativ ist dem Genitiv sein Tod.,Meister Yoda,Buch von Sebastian Sick,,
Der Eigensinn ist die Energie der Dummen.,Heidelinde Weis,Jean-Paul Sartre,,
Der Garten ist eine Kunstnatur.,Leonardo da Vinci,Robert Edler von Musil,,
"Der Jammer mit den Weltverbesserern ist, dass sie nie bei sich selbst anfangen.",Ein Vorstandsvorsitzender,"Mark Twain, eigentlich Samuel Langhorne Clemens",,
Der Klügere gibt nach – Eine traurige Wahrheit: sie begründet die Weltherrschaft der Dummen.,Donald Trump,Ebner Eschenbach,,
"Der Mensch denkt, Gott lenkt.",Margot Kässmann,(angeblich) Berthold Brecht,,
"Der Mensch ist bereit, für jede Idee zu sterben, vorausgesetzt, dass ihm die Idee nicht ganz klar ist.",Ein Hitlerjunge,Gilbert Keith Chesterton,,
Der Mensch ist frei geboren und liegt doch überall in Ketten.,Holiday Inn,Jean-Jacques Rousseau,,
Der Mensch ist immer noch der beste Computer.,Alan Turing,(angeblich) John F. Kennedy,,
"Der Mensch ist nicht frei, wenn er einen leeren Geldbeutel hat.",Laura Müller,Lech Wałęsa,,
"Der Mensch ist nichts anderes als das, wozu er sich macht.",Karl May,Jean-Paul Sartre,,
Der Mensch lebt nicht vom Brot allein. Nach einer Weile braucht er einen Drink.,Jesus,Woody Allen,,
Der Mensch von heute hat nur ein einziges wirklich neues Laster erfunden: die Geschwindigkeit.,Ein Stellwerksimulator-Spieler,Aldous Huxley,,
Der Mensch von heute hat nur ein einziges wirklich neues Laster erfunden: die Geschwindigkeit.,Jean-Jaques Rousseau,Aldous Huxley,,
"Der moderne Mensch wird in einem Tätigkeitstaumel gehalten, damit er nicht zum Nachdenken über den Sinn seines Lebens und der Welt kommt.",Jesus,Albert Schweizer,,
"Der Mut ist wie ein Regenschirm, wenn man ihn braucht, fehlt er einem.",Die PARTEI,Fernandel,,
Der nächste Gegner ist immer der schwerste.,Super Mario,Sepp Herberger,,
"Der Pessimist ist ein Mensch, der sich heute über etwas beklagt, worüber sich ein Optimist erst morgen beklagt.",Edward Snowden,Autor unbekannt,,
Der Preis der Größe heißt Verantwortung.,Axel Voss,Winston Churchill,,
"Der Satire steht das Recht auf Übertreibung zu. Aber sie hat es schon seit langem nicht mehr nötig, von diesem Recht Gebrauch zu machen.",EU zum Brexit,Gabriel Laub,,
"Der schönste, reichste, beste und wahrste Roman, den ich je gelesen, ist die Geschichte.",Bernd Höcke,Jean Paul,,
Der Stein der Weisen sieht dem Stein der Narren zum Verwechseln ähnlich.,Lord Voldemort,Joachim Ringelnatz,,
"Der verlorenste aller Tage ist der, an dem man nicht gelacht hat.",La vache qui rit,Nicolas Chamfort,,https://www.zitate-online.de/sprueche/allgemein/132/sollten-ihnen-meine-aussagen-zu-klar-gewesen.html
"Der Vorteil der Klugheit besteht darin, dass man sich dumm stellen kann. Das Gegenteil ist schon schwieriger.",Bastian Schweinsteiger,Kurt Tucholsky,,
"Der Vorwurf, meine Doktorarbeit sei ein Plagiat, ist abstrus. Die Anfertigung dieser Arbeit war meine eigene Leistung.",Baron von Münchhausen,Karl-Theodor zu Guttenberg,,
Der Würfel ist gefallen,Mister Green,Gaius Iulius Caesar,Suetons Biographie von Gaius Iulius Caesar,"Eigentlich ""Alea iacta est"""
"Der, dessen Name nicht genannt werden darf.",CDU-Schwarzgeld-Spender,"Aus ""Harry Potter""",,
Designed to make a difference.,Das Minuszeichen,Braun Werbung,,
"Deutsche, kauft Deutsche Zitronen.",Holger Apfel,Kurt Tucholsky,,
"Die Altersweisheit gibt es nicht. Wenn man altert, wird man nicht weise, sondern nur vorsichtig.",Joachim Sauer,Ernest Hemingway,,
Die Arbeit als solche macht Vergnügen.,Das Känguru,Martial,,
Die Berühmtheit mancher Zeitgenossen hängt mit der Blödheit der Bewunderer zusammen.,Böhse Onkelz,Heiner Geissler,,
"Die beste Frage nützt nichts, wenn sie so lange dauert, dass keine Zeit zum Antworten bleibt.",Buddha,Peter Ustinov,,
"Die beste Informationsquelle sind Leute, die versprochen haben, nichts weiterzuerzählen.",Deutsche Telekom,Marcel Mart,,
Die beste und sicherste Tarnung ist immer noch die blanke und nackte Wahrheit. Die glaubt niemand!,Mutter Teresa,Max Frisch,Biedermann und die Brandstifter (1953/1958),
Die besten unter uns sehen stets nur ihre Fehler.,Der Zonk,Jules Renard,,Unklar
"Die Computer der Zukunft werden vielleicht nur noch 1,5 Tonnen wiegen.",Der neue Internetbeauftragte der CDU,Popular Mechanics,,
"Die Definition von Wahnsinn ist, immer wieder das gleiche zu tun und andere Ergebnisse zu erwarten.",Ein SPD-Wähler,Albert Einstein zugeschrieben,,https://www.profil.at/wissenschaft/zitate-von-albert-einstein-richtig-6107724
Die Dichter sind gegen ihre Erlebnisse schamlos: Sie beuten sie aus.,Miguel de Cervantes Saavedra,Friedrich Nietzsche,"Jenseits von Gut und Böse (1886), Viertes Hauptstück",
Die digitale Welt eröffnet der Basisdemokratie völlig neue Möglichkeiten.,Kim Jong-Un,Alexander Spies,,
"Die Dummheit ist die sonderbarste aller Krankheiten. Der Kranke leidet niemals unter ihr. Die schmerzhaft leiden, sind die anderen.",Donald Trump,Paul-Henri Spaak,,
Die einzig relevante Einteilung der Postmoderne lautet: Witzig oder nicht witzig!,Der Joker,Marc-Uwe Kling,Das Känguru-Manifest (2011),
"Die Entstehung des Lebens auf der Erde mit dem Zufall erklären heißt, von der Explosion einer Druckerei das Zustandekommen eines Lexikons zu erwarten.",Johannes Gutenberg,Edwin Conklin,,
"Die erfundenen Sprüche sind oft schlauer als das, was ich wirklich gesagt habe.",Georg Wilhelm Friedrich Hegel,,Unklar,
"Die erfundenen Sprüche sind oft schlauer als das, was ich wirklich gesagt habe.",Konfuzius,,Unklar,
"Die Erinnerung ist das einzige Paradies, aus dem man nicht vertrieben werden kann.",Ein Sozialdemokrat,"
Johann Paul Friedrich Richter aka Jean Paul",Die unsichtbare Loge (1793),
"Die gefährlichste aller Weltanschauungen ist die Weltanschauung der Leute, welche die Welt nie angeschaut haben.",Ron Kritzfeld,Friedrich Wilhelm Heinrich Alexander von Humboldt zugeschrieben,,https://falschzitate.blogspot.com/2017/09/die-gefahrlichste-aller.html
"Die Generation, die z.B. heute Abend hier sitzt, die hat die Verpflichtung, wenn es die CDU morgen noch geben sollte, in der brutalstmöglichen Form aufzuklären.",Dr. Sommer,Roland Koch,14. Januar 2000 in Hofheim,https://www.welt.de/welt_print/regionales/article9203701/Brutalstmoegliche-Aufklaerung-Koch-Saetze-die-bleiben.html
Die Geschichte aller bisherigen Gesellschaft ist die Geschichte von Klassenkämpfen.,Harry Potter,Karl Marx,Manifest der kommunistischen Partei (1848),
"Die Geschichte lehrt dauernd, aber sie findet keine Schüler.",Werner Heisenberg,Ingeborg Bachmann,,
"Die Geschichte lehrt dauernd, aber sie findet keine Schüler.",Björn Höcke,Ingeborg Bachmann,,
"Die Geschichte lehrt dauernd, aber sie findet keine Schüler.",Alexander Gauland,Ingeborg Bachmann,,
"Die Geschichte lehrt die Menschen, dass die Geschichte die Menschen nichts lehrt.",Adolf Hitler,Mohandās Karamchand Gāndhī aka Mahatma Gandhi,,
Die Geschichte wird mich freisprechen.,Das Headset,Fidel Castro,"Verteidigungsrede ""La historia me absolverá"" (1953)",
Die glücklichen Sklaven sind die erbittertsten Feinde der Freiheit.,Sisyphos,Marie Freifrau Ebner von Eschenbach,,
Die Grenzen meiner Sprache bedeuten die Grenzen meiner Welt.,Lukas Podolski,Ludwig Wittgenstein,,
Die große Koalition ist die formierte Gesellschaft des Parlaments zur Abwehr missgünstiger Wählereinflüsse.,Dagobert Duck,Helmar Nahr,,
"Die größte Kunst des Politikers besteht darin, seine Anhänger zufriedenzustellen, ohne ihnen zu geben, was sie wollen.",Erdogan,Lothar Schmidt,,
"Die größte Kunst des Politikers besteht darin, seine Anhänger zufriedenzustellen, ohne ihnen zu geben, was sie wollen.",Ein Stellwerksimulator-Spieler,Lothar Schmidt,,
Die größte Offenbarung ist die Stille.,Johannes,Laozi,,
Die Grundlage des Erfolges ist eine klare Linie.,Christoph Daum,,,
"Die Hälfte dessen, was man schreibt, ist schädlich, die andere Hälfte unnütz.",Oscar Wilde,,,
Die höchsten Kilometerkosten von allen Wagentypen hat immer noch ein Einkaufswagen im Supermarkt.,Elon Musk,,,
"Die Hölle, das sind die anderen.",Touristeninformation an der Himmelspforte,,,
"Die Intelligenz verfolgt mich, aber ich bin schneller!",Michael Schumacher,,,
"Die Kirche sagt, Du sollst Deinen Nachbarn lieben. Ich bin überzeugt, dass sie meinen Nachbarn nicht kennt.",Joseph Aloisius Ratzinger,Sir Peter Alexander Baron von Ustinov,,
"Die Kirche sagt, Du sollst Deinen Nachbarn lieben. Ich bin überzeugt, dass sie meinen Nachbarn nicht kennt.",Der Papst,,,
"Die Körper wären nicht schön, wenn sie sich nicht bewegten.",Das Känguru,,,
"Die Krone: eine Kopfbedeckung, die den Kopf überflüssig macht.",Ludwig XVI,,,
"Die Kunst des schönen Gebens wird in unserer Zeit immer seltener, in demselben Maße, wie die Kunst des plumpen Nehmens, des rohen Zugreifens täglich allgemeiner gedeiht.",Ludwig XIV.,,,
"Die Lüge ist ein sehr trauriger Ersatz für die Wahrheit, aber sie ist der einzige, den man bis heute entdeckt hat.",Karl May,,,
"Die Macht ist nicht etwas, was man erwirbt, wegnimmt, teilt, was man bewahrt oder verliert; die Macht ist etwas, was sich von unzähligen Punkten aus und im Spiel ungleicher und beweglicher Beziehungen vollzieht.",Darth Vader,,,
"Die Mauer wird so lange bleiben, wie die Bedingungen nicht geändert werden, die zu ihrer Errichtung geführt haben. Sie wird auch noch in 50 und auch in 100 Jahren noch bestehen.",Der Kaiser von China,,,
"Die meisten Differenzen in der Ehe beginnen damit, dass eine Frau zu viel redet und ein Mann zu wenig zuhört.",Zeus,,,
"Die meisten Differenzen in der Ehe beginnen damit, dass eine Frau zu viel redet und ein Mann zu wenig zuhört.",Jeff Bezos,,,
"Die meisten Menschen sind bereit zu lernen, aber nur die wenigsten, sich belehren zu lassen.",Das deutsche Bildungssystem,,,
Die Meldungen bezüglich meines Ablebens sind stark übertrieben.,Gott,,,
"Die Menschheit besteht aus einigen wenigen Vorläufern, sehr vielen Mitläufern und einer unübersehbaren Zahl von Nachläufern.",Jaques Tati,,,
Die Minderheiten sind die Mehrheiten der nächsten Generation.,Donald J. Trump,,,
Die Moden sind eigentlich nur eingeführte Epidemien.,Zsa Zsa Gabor,Georg Christoph Lichtenberg,,
Die Partei ist die Kampfgemeinschaft von Intimfeinden.,Martin Sonneborn,,,
"Die Philosophen haben die Welt nur verschieden interpretiert, es kommt aber darauf an, sie zu verändern.",Ein Gentechniker,,,
"Die Polizei ist dafür da, dass diejenigen, die nichts haben, denjenigen, die viel haben, nichts wegnehmen.","Was ist was, Band 120: Polizei
",Joseph Conrad,,
"Die Religion ist der Seufzer der bedrängten Kreatur, das Gemüt einer herzlosen Welt, wie sie der Geist geistloser Zustände ist. Sie ist das Opium des Volkes.",Jesus,,,
Die Renten sind sicher.,Käpt’n Blaubär,Günter Rexrodt,,
Die Reparatur alter Fehler kostet oft mehr als die Anschaffung neuer.,Der Papst,Wieslaw Brudzinski,,
Die schlechten Menschen helfen einander. Das ist ihre größte Stärke.,Bundesvereinigung der Deutschen Arbeitgeberverbände,,,
Die schönsten Träume von Freiheit werden im Kerker geträumt.,"Aus ""Die Wunderhure""",,,
Die Schweden sind keine Holländer - das hat man ganz genau gesehen.,"Wallenstein, Herzog von Friedland, Kaiserlicher Kriegsrat und Kämmerer, Allerhöchster Obrist von Prag und ebensolcher General.
",,,
Die Suche nach den Sündenböcken ist von allen Jagdarten die einfachste.,Beate Zschäpe,Dwight David Eisenhower,,
"Die Verfassung eines Staates sollte so sein, dass sie die Verfassung des Bürgers nicht ruiniere.",Chinesisches Sprichwort,Stanisław Jerzy Lec,,
Die Vorzüge von gestern sind oft die Fehler von morgen.,Jesus,,,
"Die Welt ist ein Spiegel, aus dem jedem sein eigenes Gesicht entgegenblickt.",Krapotke,,,
"Die Zensur ist die jüngere von zwei schändlichen Schwestern, die ältere heißt Inquisition.",Papst Sixtus IV,,,
"Dieselben Naturkräfte, die uns ermöglichen, zu den Sternen zu fliegen, versetzen uns auch in die Lage, unseren Stern zu vernichten.",Beatrix von Storch,Freiherr Wernher von Braun,,
"Dieses Kribbeln im Bauch, das man nie mehr vergisst, als ob da im Magen der Teufel los ist.",Lieutenant Ellen Ripley,,,
Ding-Dong! The witch is dead!,Margaret Thatchers Requiem,,,
Don’t get high on your own supply.,Die Taliban,,,"Nicht eindeutig, da Sprichwort"
Dream a little dream of me!,Freddy Krueger,Ozzie Nelson,Dream a Little Dream of Me (1931),"Von versch. Interpreten, er war der ertse"
"Dummheit ist keine Schande. Hauptsache, man hält den Mund dabei.",Jesus,,,
"Durch eine gemeinsame Anstrengung wird es uns gelingen, Mecklenburg-Vorpommern, Sachsen-Anhalt, Brandenburg, Sachsen und Thüringen schon bald wieder in blühende Landschaften zu verwandeln, in denen es sich zu leben und zu arbeiten lohnt.",Erich Honecker,,,
"Durch eine gemeinsame Anstrengung wird es uns gelingen, Mecklenburg-Vorpommern, Sachsen-Anhalt, Brandenburg, Sachsen und Thüringen schon bald wieder in blühende Landschaften zu verwandeln.",Die Gebrüder Grimm,,,
"Durch eine gemeinsame Anstrengung wird es uns gelingen, Mecklenburg-Vorpommern, Sachsen-Anhalt, Brandenburg, Sachsen und Thüringen schon bald wieder in blühende Landschaften zu verwandeln.",Auszug aus dem #mitglieder-bereich eines (inoffiziellen) AfD-Servers,,,
"Ein Bett im Kornfeld, das ist immer frei.",Peter Hartz,Jürgen Drews,Ein Bett im Kornfeld (1976),
"Ein Experte ist ein Mann, der hinterher genau sagen kann, warum seine Prognose nicht gestimmt hat.",Peter Hartz,,,
Ein Flirt ohne tiefere Absicht ist ungefähr so sinnvoll wie ein Fahrplan ohne Eisenbahn.,Ein Busfahrer,,,
"Ein Freund ist einer, der alles von Dir weiß und der Dich trotzdem liebt.",Mark Zuckerberg,,,
Ein Gespenst geht um in Europa.,Hui Buh,,,
Ein Gesunder ist nur falsch untersucht.,Bayer,,,
Ein Idiot in Uniform ist immer noch ein Idiot!,Prince Harry of Wales,,,
"Ein Junggeselle ist ein Mann, der nur ein einziges Problem hat - und das ist lösbar.",Hippokrates,Woody Allen,,https://gutezitate.com/zitat/175817
"Ein klassisches Werk ist ein Buch, das die Menschen loben, aber nie lesen.",Oscar Wilde,,,
"Ein klassisches Werk ist ein Buch, das die Menschen loben, aber nie lesen.",Bertolt Brecht,,,
"Ein Kompromiss, das ist die Kunst, einen Kuchen so zu teilen, dass jeder meint, er habe das größte Stück bekommen.",Das Känguru,,,
Ein Mann mit einem hohen Bankkonto kann gar nicht hässlich sein.,Melania Trump,,,
"Ein neues Problem zu entdecken ist genauso wichtig, wie die Lösung für ein altes zu finden.",Hartmut Mehdorn,,,
Ein Pferd! Ein Pferd! Mein Königreich für ein Pferd!,Burger King,,,
"Ein Politiker wird nicht dadurch zum Experten, dass er etwas über etwas sagt.",Ein AfD-Politiker,,,
"Ein Ring, sie zu knechten.",Richard Wagner,,,
Ein Zensor ist ein menschgewordener Bleistift oder ein bleistiftgewordener Mensch.,Chinesisches Sprichwort,Johann Nestroy,Freiheit in Krähwinkel,
"Eine Diskussion mit dem Regisseur beginnen Schauspieler immer dann, wenn sie den Text nicht kennen.",Klaus Kinski,,,
Eine Fehlentscheidung auf Anhieb spart immerhin Zeit.,Annegret Kramp-Karrenbauer,Helmar Nahr,,
"Eine Idee, die nicht gefährlich ist, ist nicht wert, eine Idee genannt zu werden.",Johnny Knoxville,,,
Eine starke Truppe.,Die Müllabfuhr,,,
Eine stolz getragene Niederlage ist auch ein Sieg.,Christian Lindner,Marie von Ebner-Eschenbach,,Nur https://www.zitat-des-tages.de/zitate/eine-stolz-getragene-niederlage-ist-auch-ein-sieg-arthur-schopenhauer ordnet es Arthur Schopenhauer zu
Eine stolz getragene Niederlage ist auch ein Sieg.,Donald Trump,Marie von Ebner-Eschenbach,,
"Einen Finger kann man brechen, aber fünf Finger sind eine Faust.",Rocky Balboa,,,
"Einen Vorsprung im Leben hat, wer da anpackt, wo die anderen erst einmal reden.",Robert Lembke,,,
Einer der Hauptnachteile mancher Bücher ist die zu große Entfernung zwischen Titel- und Rückseite.,Buddhistische Weisheit,,,
Einer neuen Wahrheit ist nichts schädlicher als ein alter Irrtum.,Bernd Höcke,,,
"Erfolg besteht darin, dass man genau die Fähigkeiten hat, die im Moment gefragt sind.",Superman,,,
Erfolg verbessert den Charakter.,Ebenezer Scrooge,,,
"Erst kommt das Fressen, dann kommt die Moral.",Ronald McDonald,,,
"Erst wenn der Subwoofer die Katze inhaliert, fickt der Bass richtig übel!",Wolfgang Amadeus Mozart,,,
"Erst wenn der Subwoofer die Katze inhaliert, fickt der Bass richtig übel!",Sheldon Cooper,,,
Erweitern Sie Ihr Blickfeld. Gehen Sie neue Wege. Streben Sie das Unmögliche an. Nehmen Sie den Kampf mit dem Unsterblichen auf!,Fielmann,,,
"Es bleibt einem jeden immer noch soviel Kraft, das auszuführen, wovon er überzeugt ist.",Egon Friedell,,,
Es gab noch nie einen guten Krieg oder einen schlechten Frieden.,Osama Bin Laden,,,
"Es gab sechs Jahre in meinem Leben, in denen ich keinen Alkohol trank, keine Drogen nahm und keinen Sex hatte. Dann kam ich in die Schule.",Silvio Berlusconi,,,
"Es geht nicht um Personen, es geht um Inhalte!",Playboy-Chefredakteur Hugh Hefner,,,Nicht eindeutig
"Es genügt nicht, keine Gedanken zu haben. Man muss auch unfähig sein, sie auszudrücken.",Edmund Stoiber,,,
"Es gibt eine Theorie, die besagt, wenn jemals irgendwer genau herausfindet, wozu das Universum da ist und warum es da ist, dann verschwindet es auf der Stelle und wird durch noch etwas Bizarreres und Unbegreiflicheres ersetzt. - Es gibt eine andere Theorie, nach der das schon passiert ist.",Louis Armstrong,,,
"Es gibt Fernsehprogramme, bei denen man seine eingeschlafenen Füße beneidet.",Julia Müller,,,
"Es gibt Fernsehprogramme, bei denen man seine eingeschlafenen Füße beneidet.",RTL II,,,
"Es gibt größere Dinge als unser Einkommen, zum Beispiel unsere Ausgaben.",Brockhaus Enzyklopädie,Robert Lembke,,
Es gibt kein richtiges Leben im Falschen.,Der Typ aus »Matrix«,Theodor W. Adorno,,
"Es gibt nur ein Problem, das schwieriger ist, als Freunde zu gewinnen: sie wieder loszuwerden.",Mark Zuckerberg,,,
"Es gibt nur zwei Arten von Menschen, die wirklich fesseln - Leute, die alles wissen, und Leute, die überhaupt nichts wissen.",Ein Gefängniswärter.,Oscar Wilde,,
"Es ist besser, ein einziges kleines Licht anzuzünden, als die Dunkelheit zu verfluchen.",Kaiser Nero,,,
"Es ist erstaunlich, was man alles erreichen kann, wenn man sich um nichts kümmert.",Angela Merkel,Harry S. Truman,,
"Es ist gefährlich, über einen Witz zu lachen. Man bekommt ihn dann immer wieder zu hören.",Mario Barth,,,
"Es ist idiotisch, sieben oder acht Monate an einem Roman zu schreiben, wenn man in jedem Buchladen für zwei Dollar einen kaufen kann.",Platon,,,
Es ist immer etwas Wahnsinn in der Liebe. Es ist aber auch immer etwas Vernunft im Wahnsinn.,Donatien Alphonse François de Sade,,,
"Es ist immer sehr schwierig, über den Wert politischer Ziele zu urteilen, wenn deren Erreichung noch in weiter Ferne liegt. Ich glaube daher, dass man eine politische Bewegung nie nach seinen Zielen beurteilen darf, die sie laut verkündet und vielleicht auch wirklich anstrebt, sondern nur nach den Mitteln, die sie zu ihrer Verwirklichung einsetzt.",Wladimir Iljitsch Lenin,Werner Heisenberg,,
"Es ist mein Job, nie zufrieden zu sein.",Baruch de Spinoza,Freiherr Wernher von Braun,,
"Es ist nicht wichtig, wer wählt, sondern wer zählt.",George W. Bush,,,
Es ist noch kein Meister vom Himmel gefallen.,Jürgen W. Möllemann,Sprichwort,,
Es ist noch kein Meister vom Himmel gefallen.,Batman zu Robin,Sprichwort,,
Es ist noch kein Meister vom Himmel gefallen.,Manfred von Richthofen,Sprichwort,,
"Es ist schwer, einen Menschen zu verlieren, aber es ist ein Trost, zu wissen, dass viele ihn gern hatten.",Kim Jong-Un,Unbekannt,?,
"Es ist traurig, eine Ausnahme zu sein. Aber noch viel trauriger ist es, keine zu sein.",Das kleine Ich bin ich,Peter Altenberg,,
"Es ist traurig, eine Ausnahme zu sein. Aber noch viel trauriger ist es, keine zu sein.",Anakin Skywalker,Peter Altenberg,,
"Es jibt sone und solche, und dann jibt es noch janz andre, aba dit sind die Schlimmstn.",Bernd Höcke,Hertha,,
"Es kommt nicht darauf an, wie alt man wird, sondern wie man alt wird.",Luc de Clapiers Marquis de Vauvenargues,,,In versch. Formen versch. Leuten zugeschrieben
Es schien zu diesem Zeitpunkt wie eine gute Idee.,Pontius Pilatus,"Aus ""Die glorreichen Sieben""",Die glorreichen Sieben (1961),Gesagt von einem Typen den ein anderer zitiert (https://youtu.be/0ieicflBG_Y?t=13)
Es schien zu diesem Zeitpunkt wie eine gute Idee.,Hui Buh,"Aus ""Die glorreichen Sieben""",Die glorreichen Sieben (1961),Gesagt von einem Typen den ein anderer zitiert (https://youtu.be/0ieicflBG_Y?t=13)
Es steht im Augenblick 1:1. Aber es hätte auch umgekehrt lauten können.,Relativitätstheorie,,,
"Es stimmt, dass Geld nicht glücklich macht. Allerdings meint man damit das Geld der anderen.",Dagobert Duck,,,
"Es war schon immer etwas teurer, einen besonderen Geschmack zu haben.",Hannibal Lecter,,,
"Es würde mir nicht im Traum einfallen, einem Klub beizutreten, der bereit wäre, jemanden wie mich als Mitglied aufzunehmen.",Carl Bertelsmann,,,
"Every breath you take, every move you make, every bond you break, every step you take, I’ll be watching you. Every single day, every word you say, every game you play, I’ll be watching you.",Google,The Police (Rockband),"eEvery Breath You Take (1938) ",
"Facelifting? Nein, dann würde ich ja alle diese großartigen Falten zerstören.",Kim Kardashian,,,
Fahren in seiner schönsten Form.,Jörg Haider,,,
"Fakten, Fakten, Fakten.",Bravo Girl,,,
"For you, vor Ort.",V-Leute des Verfassungsschutzes,,,
"Frage nicht, was Dein Land für Dich tun kann. Frage, was Du für Dein Land tun kannst.",Kim Jong-Il,,,
"Frei sein heißt, wählen können, wessen Sklave man sein will.",Adam Smith,,,
"Freiheit bedeutet lediglich, dass du nichts mehr zu verlieren hast.",Johannes Gutenberg,Kris Kristofferson,,
"Freiheit ist das Recht, anderen zu sagen, was sie nicht hören wollen.",Radio NRJ - Morning Show,,,
Freude bereiten heißt: Die Banane essen und die Schale einem anderen hinlegen.,Helmut Kohl,Dashiell Hammett,,
Früher hielten sich manche Könige einen Narren. Heute halten sich manche Demokratien einen König.,Dagobert Duck,,,
Fuck the police.,Sting,,,
"Fuck you, I won’t do what you tell me.",Windows Vista,,,
"Für den gläubigen Menschen steht Gott am Anfang, für den Wissenschaftler am Ende aller seiner Überlegungen.",Gregor Mendel,Max Planck,,
Für die Eitelkeit ist selbst die Pfütze ein wohlgefälliger Spiegel.,Satz des Pythagoras,,,
"Für mich gibt es nur ein Mittel, um die Achtung vor mir selbst nicht einzubüßen: fortwährende Kritik.",Ein Diktator,,,
Gefährlicher als eine falsche Theorie ist eine Richtige in falschen Händen.,Wladimir Iljitsch Lenin,,,
Gegen die Regierung mit allen Mitteln zu kämpfen ist ja ein Grundrecht und Sport eines jeden Deutschen.,Günther Oettinger,,,
Gegenüber sehr attraktiven Frauen ist meist der Mann der Schutzbedürftige.,Hertha,,,
"Gegner glauben uns zu widerlegen, wenn sie ihre Meinung wiederholen und auf die unsrige nicht achten.",Donald Trump,,,
"Geh nicht immer auf dem vorgezeichneten Weg, der nur dahin führt, wo andere bereits gegangen sind.",Ein Navi,,,
"Gekommen, um zu bleiben.",Ausländer zur AfD,,,
"Gekommen, um zu bleiben.",FCKW,,,
"Get up, stand up: Stand up for your rights.",Sitting Bull,,,
"Get up, stand up: Stand up for your rights.",Christian Lindner,,,
"Gewinn ist so notwendig wie die Luft zum Atmen, aber es wäre schlimm, wenn wir nur wirtschafteten, um Gewinne zu machen, wie es schlimm wäre, wenn wir nur lebten, um zu atmen.",Heckler & Koch,,,
"Gewinn ist so notwendig wie die Luft zum Atmen, aber es wäre schlimm, wenn wir nur wirtschafteten, um Gewinne zu machen, wie es schlimm wäre, wenn wir nur lebten, um zu atmen.",Michael Schumacher,,,
"Gib Deinen Kindern so viel Geld, dass sie etwas tun können, aber nicht so viel, dass sie nichts tun können.",Richard Hilton,,,
Gib einem Mann einen Fisch und Du ernährst ihn für einen Tag. Lehre einen Mann fischen und Du ernährst ihn für sein Leben.,Käpt’n Iglo,,,
"Gib mir einen Punkt, wo ich sicher stehen kann, einen Hebel, der lang genug ist, und ich beweg Dir die Erde mit einer Hand.",Macgyver,,,
"Give me your tired, your poor, your huddled masses yearning to breathe free.",Weight Watchers,,,
"Glück dauert niemals lange, und Unglück ist mit Geld leichter zu ertragen als ohne.",Alphonse Daudet,,,
Glücklich die Besitzenden!,Hermann Gmeiner,Horaz,,
"Gott schütze uns vor dem Sturm und Wind und Deutschen, die im Ausland sind!","Die Polen, Franzosen, Dänen, Norweger, Belgier, Niederländer, Luxemburger, Griechen, Russen…
",,,
"Gott, gib mir die Gelassenheit, Dinge hinzunehmen, die ich nicht ändern kann, den Mut, Dinge zu ändern, die ich ändern kann und die Weisheit, das eine vom anderen zu unterscheiden.",Sisyphos,,,
Gute Mine zum bösen Spiel.,Rheinmetall Waffe Munition GmbH,,,
Gute Sitten haben für die Gesellschaft mehr Wert als alle Berechnungen Newtons.,Mario Barth,,,
Guten Freunden gibt man ein Küsschen.,Breschnew zu Honecker,Ferrero,Ferrero Küsschen,
"Habe Mut, dich deines eigenen Verstandes zu bedienen.",Donald Trump,,,
"Hallo, Herr Kaiser. Gut, dass ich Sie treffe!",Brutus,,,
Halt mal kurz.,Zeus zu Atlas,,,
"Handle nur nach derjenigen Maxime, durch die du zugleich wollen kannst, dass sie ein allgemeines Gesetz werde.",Silvio Berlusconi,,,
"Have a break, have a Kit Kat.",Raider,,,
"Have a break, have a Kit Kat.",Alf,,,
"Here we are now, entertain us!",Internationale Sicherheitsunterstützungstruppe für Afghanistan (ISAF),Nirvana,Smells Like Teen Spirit (1991),
"Heute ist mein 111. Geburtstag! Aber leider sind 111 Jahre eine viel zu kurze Zeit, um unter solch vortrefflichen und bewundernswerten Hobbits zu Leben! Ich kenn die Hälfte von euch nicht halb so gut, wie ich es gerne möchte und ich mag weniger als die Hälfte von euch auch nur halb so gern, wie ihr es verdient.",Helmut Schmidt,Bilbo Beutlin,Der Herr der Ringe,
"Heute ist nicht alle Tage; ich komm wieder, keine Frage",Adolf Hitler,,,
"Heute ist nicht alle Tage; ich komm wieder, keine Frage",Krebs,,,
"Heute ist nicht alle Tage; ich komm wieder, keine Frage",Zeuge Jehovas,,,
"Heute ist nicht alle Tage; ich komm wieder, keine Frage",SARS-CoV-2,,,
"Heute ist nicht alle Tage; ich komm wieder, keine Frage",Der Terminator,,,
"Heute ist nicht alle Tage. Ich komm wieder, keine Frage.",Ein Hindu,,,
"Hey Du, möchtest Du ein A kaufen?",Standard &amp; Poor’s,,,
"Hier bin ich Mensch, hier kauf ich ein.",Friedrich Schiller,,,
Hier können wir nicht anhalten! Das ist Fledermausland!,Der Joker,,,
Hier stehe ich. Ich kann nicht anders.,Das Rote Ampelmännchen,,,
"Himmel und Erde werden vergehen, aber meine Worte werden nicht vergehen.",Xavier Naidoo,,,
How much is the fish?,Günther Oettinger,,,
Hui! Das reimt sich! Und was sich reimt ist gut.,Marcel Reich-Ranicki,,,
Hüte dich vor dem Imposanten! Aus der Länge des Stiels kann man nicht auf die Schönheit der Blüte schließen.,Claudia Cardinale,,,
"Huusch, Huusch - weg woarns!",Bundesamt für Verfassungsschutz,,,
I did not have sexual relations with that woman.,Der heilige Geist,,,
"I don’t care if Monday’s blue, Tuesday’s grey and Wednesday too, Thursday I don’t care about you, it’s Friday I’m in love.",Robinson Crusoe,,,
"I don’t like drugs, but the drugs like me.",Charlie Sheen,,,
"I fell in to a burning ring of fire. I went down, down, down and the flames went higher.",Gandalf,,,
I have a dream.,Sigmund Freud,,,
I hope I die before I get old.,Jesus von Nazaret,,,
I keep on searching for the way to your heart.,Gunther von Hagens,,,
I kissed a girl and I liked it.,Silvio Berlusconi,Katy Perry,I Kissed a Girl (2008),
I walk the line.,Die Wanderhure,,,
I want you to want me. I need you to need me.,Angebot zur Nachfrage,,,
I'll be back!,Krebs,,,
I’ll be there to catch you when you fall.,Der Boden,,,
I’m so excited and I just can’t hide it.,Ein Hund mit einem Stöckchen,,,
"I’m too sexy for my shirt, so sexy it hurts.",Wladimir Putin,,,
I’ve been looking for freedom.,Joachim Gauck,,,
"Ice, ice, baby.",Wachmatrose der Titanic,,,
"Ich bin als Licht in die Welt gekommen, damit jeder, der an mich glaubt, nicht in der Finsternis bleibt.",Ein Glühwürmchen,Jesus Christus,"Johannes 12,46",
"Ich bin Amerikaner, süße, unsere Namen bedeuten einen Scheiß!",Barack Obama,,,
"Ich bin bereit überall hinzugehen, wenn es nur vorwärts ist.",Das Känguru,David Livingstone,,
Ich bin dann mal weg.,Philipp Rösler,,,
"Ich bin der Geist, der stets verneint! Und das mit Recht; denn alles, was entsteht, ist wert, daß es zugrunde geht.",Julia Klöckner,,,
"Ich bin der Geist, der stets verneint! Und das mit Recht; denn alles, was entsteht, ist wert, daß es zugrunde geht.",Ein AfD-Politiker,,,
Ich bin ein Berliner!,Der Pfannkuchen,,,
"Ich bin ein Star, holt mich hier raus!",Andreas Baader,,,
"Ich bin nicht gescheitert. Ich habe erfolgreich 10.000 Wege gefunden, die nicht funktionieren.",Oskar Lafontaine,,,
Ich bin zu alt für diesen Scheiß.,Joseph Ratzinger,Danny Glover,Lethal Weapon (1987),
"Ich denke, also bin ich.",Til Schweiger,,,
Ich empfehle Daniel Kehlmann unbedingt.,Daniel Kehlmann,,,
"Ich esse meine Suppe nicht! Nein, meine Suppe ess’ ich nicht!",Julius Maggi,Suppenkaspar,Der Struwwelpeter,
"Ich gebe Ihnen 1000 Mark, wenn Sie statt Tor 1 diesen Umschlag hier nehmen.",Waffenschieber zum Zollbeamten,,,Nicht eindeutig
"Ich glaube nur an Statistiken, die ich selbst gefälscht habe.",Die Bertelsmann-Stiftung,,,
"Ich glaube, es gibt einen weltweiten Bedarf an vielleicht fünf Computern.",Der neue Internetbeauftragte der SPD,,,
"Ich glaube, Homo-Ehen sollten sich auf Ehen zwischen Mann und Frau beschränken.",Erzbischof Joachim Meisner,,,
"Ich glaube, ich spinne.",Peter Parker,,,
"Ich habe eiserne Prinzipien. Wenn sie Ihnen nicht gefallen, habe ich auch noch andere.",Angela Merkel,,,
"Ich habe es satt, die Menschen zu durchschauen. Es ist so leicht, und es führt zu nichts.",Wilhelm Conrad Röntgen,,,
"Ich habe es satt, die Menschen zu durchschauen. Es ist so leicht, und es führt zu nichts.",Wilhelm Conrad Röntgen,,,
"Ich habe keine besondere Begabung, sondern bin nur leidenschaftlich neugierig.",Barack Obama,,,
"Ich habe niemals eine geschäftigere Person gesehen, als sie zu sein schien. Und doch wäre es schwer gewesen zu sagen, was sie eigentlich tat, oder vielmehr irgendein Resultat ihrer Geschäftigkeit zu entdecken.",Joachim Sauer,,,
"Ich habe zwar keine Lösung, aber ich bewundere das Problem.",Präsident der Europäischen Zentralbank,,,
"Ich kam nach Hollywood, ohne meine Nase korrigiert, die Zähne überkront und meinen Namen geändert zu haben. Das befriedigt mich wirklich.",Voldemort,Barbra Streisand,,
"Ich liebe es, wenn ein Plan funktioniert!",George C. Marshall,,,
Ich mache nie Voraussagen und werde das auch niemals tun.,Nostradamus,,,
"Ich meine, die Bibel hat doch alle Ingredienzien eines Dan-Brown-Bestsellers. Völkermord, Inzest, Vergewaltigung und irgendwas Abgefahrenes mit Religion.",Martin Luther,,,
Ich schaue mir meine Filme nie an. Sie sind mir zu brutal.,Jennifer Aniston,,,
"Ich sehe was, was Du nicht siehst.",Big Brother,,,
Ich wage mal eine Prognose: Es könnte so oder so ausgehen.,Sachverständigenrat zur Begutachtung der gesamt-wirtschaftlichen Entwicklung,,,
"Ich weiß nicht, welche Waffen im nächsten Krieg zur Anwendung kommen, wohl aber, welche im übernächsten: Pfeil und Bogen.",Adolf Hitler,,,
"Ich weiß nicht, wie die Frage lautet, aber die Antwort heißt mit Sicherheit: Sex.",Silvio Berlusconi vor Gericht,,,
Ich will Deutschland dienen.,Die Diddl-Maus,,,
Ich will ein Kind von Dir!,Die Bundeswehr,Unbekannt,?,
"Ich will so bleiben, wie ich bin.",Cher,,,
"Ideen sollte man empfangen wie Gäste - zuvorkommend, aber unter der Voraussetzung, dass sie ihre Gastgeber nicht tyrannisieren.",Adolph Freiherr von Knigge,,,
"If there’s something strange in your neighbourhood, if there’s something weird and it don’t look good - who you gonna call?",Die Antifa,,,
"If you see me comin’, better step aside. A lotta men didn’t, a lotta men died.",Die Straßenbahn,,,
If you want a job done well hire a professional.,Ein V-Mann,,,
"Ihr Geld ist nicht weg, mein Freund, es hat nur ein anderer.",Hypo-Real-Estate-Bankberater,,,
"Ihr könnt predigen, über was ihr wollt, aber predigt niemals über vierzig Minuten.",Der Papst,,,
Ihr kriegt uns hier nicht raus! Das ist unser Haus!,FDP-Wahlkampfsong,,,
Ihr wollt mich wohl auf’s Kreuz legen.,Ein Bot,,,
Ihr Ziel befindet sich auf der rechten Seite.,Frank Walter Steinmeier,,,
Im Deutschen Fernsehen gibt es nur noch kaputte Familien. Außer den Simpsons gibt es keine normale Familie mehr im TV.,Ozzy Osbourne,,,
"Im Frühtau zu Berge wir zieh’n, fallera.",Hannibal,,,
"Im großen und ganzen war es ein Spiel, das, wenn es anders läuft, auch anders hätte ausgehen können.",Michail Gorbatschow,,,
In Aufstellung unserer Grundsätze sind wir strenger als in ihrer Befolgung.,Die Kunst der Fuge,,,
"In der Politik geht es nicht darum, recht zu haben, sondern recht zu behalten.",Beatrix von Storch,,,
In der Politik ist es wie im Konzert: Ungeübte Ohren halten das Stimmen der Instrumente schon für Musik.,Donald Trump,,,
In der Ruhe liegt die Kraft.,Klaus Kinski,Sprichwort,,Eventuell von Konfuzius
In diesem Fall ziehen Sie eine Maske schnell zu sich heran und platzieren diese fest auf Mund und Nase. Danach helfen Sie Kindern und hilfsbedürftigen Personen.,Batman zu Robin,,,
In diesem Fall ziehen Sie eine Maske schnell zu sich heran und platzieren diese fest auf Mund und Nase. Danach helfen Sie Kindern und hilfsbedürftigen Personen.,Angela Merkel,,,
"In einer irrsinnigen Welt vernünftig sein zu wollen, ist schon wieder ein Irrsinn für sich.",Joseph Stalin,,,
In England ist das Interesse an der Ungleichheit der Pferde weitaus größer als an der Gleichheit der Menschen.,Elon Musk,,,
In jedem siebten Ei…,Dioxine,,,
In jedes Menschen Gesichte steht seine Geschichte.,Michael Jackson,,,
"In Kants Jahren konnte der Aufklärer nicht aufklären, weil man ihn nicht ließ, zu unserer Zeit nicht, weil man ihn nicht liest.",Winnie Puh,,,
"In Kants Jahren konnte der Aufklärer nicht aufklären, weil man ihn nicht ließ, zu unserer Zeit nicht, weil man ihn nicht liest.",Axel Springer,,,
"In Österreich wird jeder das, was er nicht ist.",Adolf Hitler,,,
"In Prüfungen stellen Narren Fragen, die Weise nicht beantworten können.",The Eckkneipe Formally Known As 'Bei Herta',,,
"In Russland wird das Volk durch die Partei verdummt, in den Vereinigten Staaten durch die Television.",Donald J. Trump,,,
Internetpiraterie ist kein Verbrechen ohne Opfer.,Captain Jack Sparrow,Copyright-Hinweis,,Mehr ohne Internet zu finden https://www.heise.de/newsticker/meldung/USA-Mehr-Copyright-Hinweise-auf-DVDs-und-Blu-rays-1570954.html
"Ist es ein Fortschritt, wenn ein Kannibale Messer und Gabel benutzt?",Hannibal Lecter,,,
It’s better to burn out than to fade away.,Jeanne d’Arc,Neil Young,"Hey Hey, My My (Into the Black) (1979)",
"It’s tricky. Tricky, tricky, tricky.",EU-Sonderbeauftragter für den Nahost-Friedensprozess,,,
"Ja klar, äh, nein, ich mein: Jein!",Der Weltsicherheitsrat,,,
"Jede einem Menschen zugefügte Beleidigung, geleichgültig, welcher Rasse er angehört, ist eine Herabwürdigung der ganzen Menschheit.",Donald Trump,,,
"Jede Nacht um halb eins, wenn das Fernsehen rauscht, leg ich mich auf’s Bett und mal mir aus, wie das wäre, wenn ich nicht der wäre, der ich bin. Sondern Kanzler.",Peer Steinbrück,,,
"Jedenfalls ist es besser, ein eckiges Etwas zu sein als ein rundes Nichts.",Uli Hoeneß,,,
"Jeder hat so viel Recht, wie er Gewalt hat.",Luke Skywalker,,,
Jeder Held wird auf die Dauer langweilig.,Anakin Skywalker,,,
"Jeder kann wütend werden, das ist einfach. Aber wütend auf den Richtigen zu sein, im richtigen Maß, zur richtigen Zeit, zum richtigen Zweck und auf die richtige Art, das ist schwer.",Der unglaubliche Hulk,Aristoteles,,
"Jeder Mensch ist ein Clown. Aber nur wenige haben den Mut, es zu zeigen.",Claudia Roth,Charlie Rivel,,
Jeder nur ein Kreuz.,OSZE-Wahlbeobachter,,,
Jedes Kind ist gewissermaßen ein Genie und jedes Genie gewissermaßen ein Kind.,Albert Einstein,,,
"Jedes Publikum kriegt die Vorstellung, die es verdient.",Mario Barth,,,
Jetzt mal immer schön auf dem Teppich bleiben.,Aladdin,Sprichwort,,Nicht ganz klar
"Just because you’re paranoid, don’t mean they’re not after you.",Julian Assange,,,
Karriere: Beförderung bis zur absoluten Inkompetenz.,Ein Gefängniswärter.,,,
"Katzen erreichen mühelos, was uns Menschen versagt bleibt: durchs Leben gehen ohne Lärm zu machen.",Items4Sacred,Ernest Hemingway,,
Kein Bösewicht kann glücklich sein.,Malcolm Fade,Juvenal,,
Keine Experimente!,Galileo Galilei,,,
"Kinder müssen die Dummheiten der Erwachsenen ertragen, bis sie groß genug sind, sie selbst zu machen.",Greta Thunberg,,,
"Kleine Fehler geben wir gern zu, um den Eindruck zu erwecken, wir hätten keine großen.",Joseph Stalin,François VI. de La Rochefoucauld,,
Komm mit mir ins Abenteuerland. Der Eintritt kostet den Verstand.,Prinzessin Lillifee,,,
Kompliment an meine Mannschaft und meinen Dank an die Mediziner. Sie haben unmenschliches geleistet.,Chers Schönheitschirurg,Berti Vogts,,
"Köpfchen in das Wasser, Schwänzchen in die Höh’.",CIA-Verhörmethode,,,
"Krieg ist das Ergebnis von Politik, und deswegen mische ich mich da nicht ein, das ist alles.",Die Schweiz,,,
"Krieg ist das Ergebnis von Politik, und deswegen mische ich mich da nicht ein, das ist alles.",Osama Bin Laden,,,
"Kuckuck, Kuckuck! I-A, I-A! Kuckuck, Kuckuck! I-A!",Sido und Bushido,,,
"Kultur ist ein sehr dünner Firnis, der sich leicht in Alkohol auflöst.",Axel Springer,,,
Lache nicht über die Dummheit der anderen! Sie kann deine Chance sein.,Annegret Kramp-Karrenbauer,,,
Lache nie über die Dummheit der anderen. Sie ist Deine Chance.,Joachim Gauck,,,
"Lasst, die ihr eintretet, alle Hoffnung fahren!",Die Rentenversicherung,,,
"Lauf, Forrest! Lauf!",Peregrin Pippin Tuk zu Baumbart,,,
"Lebe jeden Tag, als wäre es Dein letzter.",Ein Lemming,,,
Leben Sie. Wir kümmern uns um die Details.,Die Stasi,,,
Leben und leben lassen.,SARS-CoV-2,,,
"Lebensstandard ist der Versuch, sich heute das zu leisten, wofür man auch in zehn Jahren noch kein Geld haben wird.",Jeff Bezos,,,
Leiht mir euer Ohr!,Vincent van Gogh,,,
Let’s do the time warp again.,Die CSU,,,
Liebe deinen Nächsten wie dich selbst.,Kurt Cobain,,,
Liebe deinen Nächsten wie dich selbst.,Kurt Cobain,,,
"Liebe Leute, ihr müsst nicht nach Hause gehen, aber hier könnt ihr nicht bleiben.",Anton Schlecker,,,
"Machen Sie sich erst einmal unbeliebt, dann werden Sie auch ernst genommen.",Sarah Palin,,,
"Macht kaputt, was euch kaputt macht.",Axel Springer,,,
Macht Kinder froh und Erwachsene ebenso.,Ritalin,,,
"Mädchen von heute ziehen Hosen an, um wie Jungens auszusehen, und durchsichtige Blusen, um zu beweisen, dass sie keine sind.",Katja Krasavice,,,
Mailand oder Madrid – Hauptsache Italien!,Aus »Die Italienische Reise« von Friedrich Schiller,"Andreas ""Andy"" Möller",,
"Mal bin ich liberal, mal bin ich konservativ, mal bin ich christlich-sozial - und das macht die CDU aus.",Lady Gaga,Angela Merkel,,
Mal verliert man und mal gewinnen die anderen.,Der kleine Mann,,,
"Man darf jetzt nicht alles so schlecht reden, wie es wirklich war.",Erika Steinbach,,,
"Man erkennt den Irrtum daran, dass alle Welt ihn teilt.",Beatrix von Storch,,,
"Man glaubt gar nicht, wie viel gedruckt wird, ohne dass es jemals gelesen wird.",Marie Corelli,,,
"Man hat den Eindruck, dass die moderne Physik auf Annahmen beruht, die irgendwie dem Lächeln einer Katze gleichen, die gar nicht da ist.",Alice im Wunderland,,,
Man kann alle Leute einige Zeit zum Narren halten und einige Allezeit; aber alle Leute Allezeit zum Narren halten kann man nicht.,Karl-Theodor zu Guttenberg,,,
"Man kann das ganze Volk eine Zeit lang täuschen und man kann einen Teil des Volkes die ganze Zeit täuschen, aber man kann nicht das ganze Volk die ganze Zeit täuschen.",John Maynard Keynes,,,
Man kann ein Auto nicht wie ein menschliches Wesen behandeln - ein Auto braucht Liebe.,Senku Ishigami,,,
Man kann Gott nur auf eigene Kosten lieben.,Ein Zyniker,,,
"Man kann keinen Eierkuchen backen, ohne ein paar Eier zu zerschlagen.",Marc-Uwe Kling,,,
"Man muss eine Weile nachdenken, um zu erkennen, dass man unglücklich ist, doch es lohnt sich.",Sigmund Freud,,,
Man müsste nochmals zwanzig sein - mit den Adressen von heute.,Vorstandssprecher von Penispumpenshop24,,,
Man soll an der Natur nicht verzweifeln: Vielleicht entwickelt sie aus dem Känguru noch den Fußgänger des einundzwanzigsten Jahrhunderts.,Der Pinguin,,,
"Man soll nie vergessen, dass die Gesellschaft lieber unterhalten als unterrichtet sein will.",Steven Spielberg,,,
"Man sollte auch gute, ausgezeichnete Bücher verbieten, bloß damit sie mehr gelesen und beachtet werden.",Friedrich Dürrenmatt,Albert Camus,,
"Management ist nichts anderes als die Kunst, andere Menschen zu motivieren.",Ulrike Meinhof,Lido Anthony „Lee“ Iacocca,,
Mancher hat Opern und Sinfonien geschrieben und lebt doch nur weiter in einer Fußnote.,W. A. Mozart,Alfred Polgar,,
"Männer heiraten, weil sie denken, dass sie dann mit der Frau unbegrenzt Sex haben können - warum Frauen heiraten, weiß ich auch nicht.",Friedrich Merz,"
Ekkehard Marschall",,https://community.netdoktor.at/forum/sexualität-verhütung/sexualität/199691-sex-verweigerung#post1737714
Männer sind die geborenen Sucher: Am liebsten suchen sie das Weite.,Robinson Crusoe,,,
Mein Gott… der Witz hat so’n Bart.,Ein Salafist,,,
"Mein Problem ist, dass ich immer sehr selbstkritisch bin, auch mir selbst gegenüber.",Max Stirner,Andreas Möller,,
"Mein Problem ist, dass ich immer sehr selbstkritisch bin, auch mir selbst gegenüber.",Immanuel Kant,,,
"Mein Sohn ist kein Kommunist. Er ist vielleicht ein Lügner, ein Schwein, ein Idiot und ein Kommunist, aber er ist kein Porno-Star!",Kim Jong-Il,,,
"Mein Vater, mein Vater, warum hast Du mich verlassen?",Luke Skywalker,,,
"Meine Stadt, mein Bezirk, mein Viertel, meine Gegend, meine Straße, mein Zuhause, mein Block.",Michel aus Lönneberga,,,
Memes sind das Opium des Volkes.,Vincent van Gogh,,,
Memes sind das Opium des Volkes.,Euklid,,,
"Mich erstaunen Leute, die das Universum begreifen wollen, wo es schwierig genug ist, in Chinatown zurechtzukommen.",Albert Einstein,,,
"Mich erstaunen Leute, die das Universum begreifen wollen, wo es schwierig genug ist, in Chinatown zurechtzukommen.",Stephen Hawking,,,
"Milliardäre sind Leute, die auch einmal als ganz gewöhnliche Millionäre angefangen haben.",Elon Musk,Jerry Lewis,,
Mir gefallen auch unter den Menschen die Ruinen besser als die Museen.,Decimus Iunius Juvenal,,,
"Mit bösen Worten, die man ungesagt hinunterschluckt, hat sich noch niemand den Magen verdorben.",Marc-Uwe Kling,,,
"Mit den Gesetzen ist es wie mit Würstchen. Es ist besser, wenn man nicht sieht, wie sie gemacht werden.",Verband der Fleischwirtschaft e.V.,,,
"Mit der Hoffnung zu reisen ist besser, als das Ziel zu erreichen.",S-Bahn Berlin GmbH,Robert Louis Balfour Stevenson,,
Mit einem Wisch ist alles weg.,Der Gerichtsvollzieher,,,
"Mit Schreiben rechtfertige ich den Raum, den ich auf dem Planeten Erde einnehme.",Ein Diktator,,,
"Mr. Gorbachev, tear down this wall!",David Hasselhoff,,,
"Musik drückt aus, worüber besser geschwiegen worden wäre.",Karl Moik,,,
"Musik wird störend oft empfunden, dieweil sie mit Geräusch verbunden.",Meister Yoda,,,
"Musik wird störend oft empfunden, dieweil sie mit Geräusch verbunden.",Donald J. Trump,,,
"Mutti, Mutti, bringst Du mir was mit? Ja, aber nur eine Kleinigkeit. Was ganz doll spannendes, ja? Oder was zum Spielen! Oder Schokolade! Aber das sind ja gleich drei Wünsche auf einmal. Das geht nun wirklich nicht.",Protokoll der Koalitionsverhandlungen zwischen Gabriel &amp; Merkel,,,
"Nach Meinung der Sozialisten ist es ein Laster, Gewinne zu erzielen. Ich bin dagegen der Ansicht, dass es ein Laster ist, Verluste zu machen.",Daniel Ek,Wiston Churchill,,
"Nehmt euch, was sie euch genommen! Nehmt euch das, was euch gehört! Macht kaputt, was euch kaputt macht! Macht kaputt, was euch zerstört!",Luigi Galleani,,,
Nein! Doch! Oha!,"Pompeius und der Bote, der ihm berichtet, dass Caesar mit seinen Truppen den Rubikon überschritten hat
",,,
"Nenne Dich nicht arm, weil Deine Träume nicht in Erfüllung gegangen sind; wirklich arm ist nur, der nie geträumt hat.",Peter Hartz,,,
"Nice planet, we’ll take it.",Walmart,,,
"Nicht alles, was hinkt, ist ein Hitler-Vergleich.",Ein Nationalsozialist,,,
Nicht einen Pfennig dazu bezahlt.,Christian Wulff,,,
Nichts beschleunigt die Genesung so sehr wie regelmäßige Arztrechnungen.,Dagobert Duck,,,
"Nichts ist gefährlicher, als zwei Menschen auszusöhnen. Sie zu entzweien ist viel sicherer und leichter.",Das Gjakmarrja,,,
"Nichts ist im Menschen, auch im scheinbar 'aufgeklärtesten', fester verwurzelt als der Glaube an irgendwelche Autoritäten.",Ein Anarchist,,,
"Nichts ist im Menschen, auch im scheinbar 'aufgeklärtesten', fester verwurzelt als der Glaube an irgendwelche Autoritäten.",Immanuel Kant,,,
"Nichts ist mächtiger als eine Idee, deren Zeit gekommen ist.",Paris Hilton,,,
Nichts ist scheißer als Platz zwei.,Buzz Aldrin,,,
"Nichtstun macht nur dann Spaß, wenn man eigentlich viel zu tun hätte.",Angela Merkel,Noël Coward,,
Nie drohe man zuerst mit der Faust und dann mit dem Finger.,Lucius Annaeus Seneca,,,
"Niederlagen stählen, aber eben nur, wenn es nicht zu viele werden.",Polen,,,
"Niemand auf der Welt bekommt so viel dummes Zeug zu hören, wie die Bilder einer Ausstellung.",Mona Lisa,,,
Niemand auf der Welt ist so wehrlos wie ein toter Autor gegen einen lebenden Regisseur.,J. R. R. Tolkien,Laurence Olivier,,
Niemand auf der Welt ist so wehrlos wie ein toter Autor gegen einen lebenden Regisseur.,Mae West,,,
"Niemand hat die Absicht, eine Mauer zu errichten.",Bob der Baumeister,,,
"Niemand hat die Absicht, eine Mauer zu errichten.",Bob der Baumeister,,,
Nirgends strapaziert sich der Mensch mehr als bei der Jagd nach Erholung.,Jack Wolfskin,,,
"No, No, No, No, No, No, No, No, No, No, No, No, there’s no limit!",Euro-Rettungsschirm,,,
Nur im Urlaub gibt es die ewige Liebe für vierzehn Tage.,Ein Virus,,,
"Nur wer seine Rechnungen nicht bezahlt, darf hoffen, im Gedächtnis der Kaufleute weiterzuleben.",Lehman Brothers,Oscar Wilde,,https://www.zitat-des-tages.de/zitate/nur-wer-seine-rechnungen-nicht-bezahlt-darf-hoffen-im-gedaechtnis-der-kaufleute-weiterzuleben-oscar-wilde
"Obwohl die meisten Menschen tun, was sie wollen, wollen die wenigsten, was sie tun.",Ein Stellwerksimulator-Spieler,,,
"Obwohl es keine Oberschicht mehr gibt, wollen immer mehr Leute ihr angehören.",Ein Patrizier,,,
"Oft sieht man etwas hundert mal, bevor man merkt, wie uninteressant es ist.",Pablo Picasso,,,
"Oh, you touch my tralala. Mm, my ding ding dong.",Bill Clinton,Mats Söderlund aka Günther,Ding Dong Song (2004),
Ohne Schnurrbart ist ein Mann nicht richtig angezogen.,Josef Stalin,Salvador Dali,,
"Ohne Vorbehalte kann man nur mit jemandem diskutieren, wenn dieser von der Sache nichts versteht.",Dr. Sommer,,,
"Once upon a time I was falling in love, but now I’m only falling apart.",Die Europäische Union,,,
Ooops! … I did it again,Silvio Berlusconi,Britney Spears,Oops! … I Did It Again (2000),
"Palim, Palim!",Die Zeugen Jehovas,,,
Papa ist ne Knackwurst.,Schweinchen Babe,,,
"Please allow me to introduce myself: I’m a man of wealth and taste. I’ve been around for a long, long year. Stole many a man’s soul and fate.",Rupert Murdoch,,,
Politik wird immer noch mit dem Kopf und nicht mit dem Kehlkopf gemacht.,Donald Trump,,,
Probieren geht über studieren.,Karl-Theodor zu Guttenberg,,,
"Put me up, put me down, put my feed back on the ground. Put me up, feel my heart and make me happy. Ayyayaya coco jumbo ayyayai.",William Shakespeare,,,
"Regieren ist die Kunst, Probleme zu schaffen, mit deren Lösung man das Volk in Atem hält.",Bertolt Brecht,,,
"Richtet nicht, damit ihr nicht gerichtet werdet!",Heidi Klum,,,
Sammeln Sie Punkte?,Das Deutsche Verkehrszentralregister,,,
"Say my name, say my name!",Rumpelstilzchen,,,
"Schreib den ersten Satz so, dass der Leser unbedingt auch den zweiten lesen will.",J. R. R. Tolkien,,,
Schröder geht es nicht um Gas - es geht ihm um Kohle.,Gerhard Schröder,,,
Schwarz-Gelb ist ein Relikt aus der alten Bundesrepublik.,Biene Maja,,,
"Sei Du selbst die Veränderung, die Du Dir wünschst für diese Welt.",Ronald McDonald,,,
"Sei Du selbst die Veränderung, die Du Dir wünschst für diese Welt.",Ausländer zur AfD,,,
"Seltsam, wie konservativ die Menschen werden, wenn sie das Geringste zu verlieren haben.",Bernd Höcke,,,
"She says I am the one, but the kid is not my son.",Josef,,,
Sie haben mich ins Gesicht gefilmt.,Winston Smith,,,
"Sie wären überrascht, wie viel es kostet, so billig auszusehen.",Midas,,,
"Sie wären überrascht, wie viel es kostet, so billig auszusehen.",Karl Lagerfeld,,,
Sieh mal: Das ganze Gehirn weggelutscht!,Monica Lewinsky,,,
"Siehe, ich bin bei euch alle Tage bis ans Ende der Weltzeit.",Das schlechte Wetter,,,
"Sind sie zu stark, bist du zu schwach.",Batman zu Robin,,,
"Sind sie zu stark, bist du zu schwach.",Joseph Goebbels,,,
"Sind sie zu stark, bist du zu schwach.",Charles Darwin,,,
Sind wir nicht alle ein bisschen Bluna?,Christian Lindner,,,
"So viel Geld lässt sich, weiß Gott, nicht mit etwas gutem verdienen.",Bill Gates,,,
"Sollten Ihnen meine Aussagen zu klar gewesen sein, dann müssen Sie mich missverstanden haben.",Edmund Stoiber,Alan Greenspan,,https://www.zitate-online.de/sprueche/allgemein/132/sollten-ihnen-meine-aussagen-zu-klar-gewesen.htm
"Sommer ist die Zeit, in der es zu heiß ist, um das zu tun, wozu es im Winter zu kalt ist.",Napoléon Bonaparte,Mark Twain,,
Spätestens nach 3 Tagen wird Schönheit genauso langweilig wie Tugend.,Abraham Lincoln,George Bernard Shaw,,
"Sprächen die Menschen nur von Dingen, von denen sie etwas verstehen, die Stille wäre unerträglich.",Johannes B. Kerner,Unbekannt,,
Sprechen heißt urteilen. Schweigen heißt geurteilt haben.,Angela Merkel,Hans Lohberger,,
Sterben kann gar nicht so schwer sein - bisher hat es noch jeder geschafft.,Kurt Cobain,Norman Mailer,,
Sterben kann gar nicht so schwer sein - bisher hat es noch jeder geschafft.,James Bond,Norman Mailer,,
"Storck-Riesen bitte, Frau Lange.",Philipp Rösler,Werbung von Storck,,
"Strebe nach Ruhe, aber durch das Gleichgewicht, nicht durch den Stillstand deiner Tätigkeit.",Das Känguru,Friedrich Schiller,,
"Tatsachen muss man kennen, bevor man sie verdrehen kann.",Bernd Höcke,Mark Twain,,https://www.aphorismen.de/zitat/10916
"Tausendmal berührt, tausendmal ist nichts passiert.",Ein defektes iPad,Klaus Lage,,
"Technik, die begeistert.",K.I.T.T.,Werbeslogan von Opel,,
Test the west!,CIA-Finanziertes KGB-Aussteigerprogramm,Werbekampange von West,,
The future together. Now.,Marty McFly,Werbeslogan von AXA,,
The language of the world is not English - but broken English.,Günther Oettinger,Marietta Piekenbrock,,https://www.tanznetz.de/blog/24719/letzter-teil-feedback-2nd-edition-am-tanzquartier-wien
There is no alternative.,Der Sensenmann,Margaret Thatcher,,
"They’ve done studies, you know. 60 percent of the time, it works every time.",Internationale Atomenergie-Organisation,Ron Burgundy,,
Think different.,Voltaire,Apple,,
Tiere sind die besten Freunde. Sie stellen keine Fragen und kritisieren nicht.,Schweinchen Babe,Mark Twain,,
Too big to fail!,penispumpenshop24.de,Schlagwort zur Systemrelevanz,,
"Top, die Wette gilt!",Mephisto,Unbekant,,
"Traue keiner Statistik, die Du nicht selbst gefälscht hast.",Thilo Sarrazin,Ein Bonmot,,
Trost und Rat sind oft die Abwehr eines Nichtbetroffenen gegen das Leid eines Betroffenen.,Therapeut zum Patienten,Ludwig Marcuse,,https://de.wikipedia.org/wiki/Liste_gefl%C3%BCgelter_Worte/T
Trotzdem kamen wir auf anderen Ebenen des Wahnsinns gut miteinander klar.,Gemeinsame Erklärung nach einem G8-Gipfel,Jack Kerouac,,
"Um einen Staat zu beurteilen, muss man seine Gefängnisse von innen ansehen.",Muhammad Husni Mubarak,Leo Tolstoi,,
"Um es in der Aussprache zur Vollkommenheit zu bringen, soll der Anfänger alles sehr langsam, die Silben und besonders die Endsilben, stark und deutlich aussprechen, damit die Silben, welche geschwind gesprochen werden müssen, nicht umständlich werden.",Chewbacca,Johann Wolfgang von Goethe,,
"Umgangsformen sind Formen, die zunehmend umgangen werden.",Donald Trump,Oliver Hassencamp,,
"Und die Sonne Homers, siehe! Sie lächelt auch uns.",Bart Simpson,Friedrich Schiller,,
Und es war Sommer. Das erste mal im Leben. Und es war Sommer. Das allererste Mal.,Praktikantin im Dr. Sommer Team,Peter Maffay,,
"Und ich werde die Bewohner dieser Stadt schlagen, sowohl Menschen als Vieh, an einer großen Pest sollen sie sterben.",Der Bubble-Tea-Erfinder,JEREMIA 21:6,,
"Und jetzt skandieren die Fans wieder: Türkiye, Türkiye. Was so viel heißt wie Türkei, Türkei.",Bürgermeister Wolfgang Treu zum Pfalzgrafen Philipp auf den Befestigungsanlagen Wiens im Herbst 1529,Heribert Faßbender,,
"Und wenn sie nicht gestorben sind, dann leben sie noch heute.",Aus dem Abschlussbericht der UN-Beobachter,Schlussphrase bei Märchen,,
"Unsere äußeren Schicksale interessieren die Menschen, die inneren nur den Freund.",Francois Duc de La Rochefoucauld,Heinrich von Kleist,,
"Unsere Feinde sind innovativ und erfinderisch, genau wie wir. Sie denken ständig über neue Wege nach, wie sie unserem Land und unserem Volk schaden können, genau wie wir.",Deutsche Bank,George W. Bush,,
"Unsere Hauptaufgabe ist nicht, zu erkennen, was unklar in weiter Entfernung liegt, sondern zu tun, was klar vor uns liegt.",Fielmann,Thomas Carlyle,,
Unter den Menschen gibt es viel mehr Kopien als Originale.,Aus „Dialektik der Aufklärung“ von Theodor W. Adorno und Max Horkheimer,Pablo Picasso,,
Unter den Menschen gibt es viel mehr Kopien als Originale.,Johannes Gutenberg,Pablo Picasso,,
"Vergib stets Deinen Feinden, nichts verdrießt sie so.",Lord Voldemort,Oscar Wilde,,
"Vergib stets Deinen Feinden, nichts verdrießt sie so.",Jesus,Oscar Wilde,,
Vernünftige und verantwortungsbewusste Frauen wollen gar nicht wählen.,Kristina Schröder,Grover Cleveland,,
"Verschiebe nicht auf morgen, was auch bis übermorgen Zeit hat.",Ein Motivationstrainer,Mark Twain,,
"Vertrauen ist gut, Kontrolle ist besser.",Lidl,Lenin,,
Viele verwechseln einen schlechten Ruf mit Berühmtheit und fallen lieber durch Untugenden und Torheiten auf als gar nicht.,Leon Machère,Otto Dikreiter,,
"Von all den Dingen, die mir verloren gegangen, habe ich am meisten an meinem Verstand gehangen.",Paulus,Ozzy Osbourne,,
"Von der Geburt bis zum 18. Geburtstag braucht eine Frau gute Eltern, von 18 bis 35 gutes Aussehen, von 35 bis 55 Persönlichkeit und ab 55 Kohle.",Angela Merkel,Sophie Tucker,,
Von Mensch zu Mensch.,Heckler & Koch,Das letzte Studioalbum von Unheilig,,Nicht eindeutig
"Vorwärts immer, Rückwärts nimmer.",Super Mario,Erich Honecker,,
"Während alle anderen Wissenschaften weiter fortgeschritten sind, ist die der Staatsführung zum Stillstand gekommen. Man versteht und praktiziert sie jetzt nur etwas besser als vor viertausend Jahren.",Ovid,John Adams,,
Wahrheit ist das Erhabenste - drum kann man's auch nicht jedem auf die Nase binden.,Ein Diktator,Johann Nepomuk Nestroy,,
"Wäre die deutsche Politik ein Auto, ich fürchte, sie käme schon seit Jahren nicht mehr durch den TÜV.",Angela Merkel,Manfred Rommel,,
"Warum die Hölle im Jenseits suchen? Sie ist schon im Diesseits vorhanden, im Herzen der Bösen.",Plutarch,Jean-Jacques Rousseau,,
"Was auch immer geschieht: Nie dürft ihr so tief sinken, von dem Kakao, durch den man euch zieht, auch noch zu trinken.",Der Nesquik-Hase,Erich Kästner,,
Was darf die Satire? Alles.,Die Wildecker Herzbuben,Kurt Tucholsky,,
"Was der liebe Gott vom Gelde hält, kann man an den Leuten sehen, denen er es gibt.",Hans Christian Andersen,Peter Bamm,,
"Was es alles gibt, was ich nicht brauche!",Ein Stellwerksimulator-Spieler,Aristoteles,,
"Was für den Vogel die Kraft der Schwingen, das ist für den Menschen die Freundschaft; sie erhebt ihn über den Staub der Erde.",Das Känguru,Zenta Maurina,,
"Was nicht auf einer einzigen Manuskriptseite zusammengefasst werden kann, ist weder durchdacht noch entscheidungsreif.",Georg Wilhelm Friedrich Hegel,Dwight D. Eisenhower,,
"Was ökonomisch auf Dauer falsch ist, kann politisch auf Dauer nicht richtig sein.",Donald Trump,Franz Vranitzki,,
"Was wir wissen, ist ein Tropfen, was wir nicht wissen - ein Ozean.",Andreas Scheuer,Isaac Newton,,
"Was wir wissen, ist ein Tropfen, was wir nicht wissen, ein Ozean.",BP,Isaac Newton,,
"Wäscht nicht nur sauber, sondern rein.",Schweizer Nummernkonto,Slogan von Ariel,,https://www.slogans.de/slogans.php?BSelect%5B%5D=827
We apologize for any inconvenience.,Kapitän der Titanic,Unbekannt,,
We are anonymous. We are legion. We do not forgive. We do not forget. Expect us.,Das Finanzamt,Anonymous,,
We put the no in innovation.,Die Katholische Kirche,Unbekannt,,
We will rock you!,Paragraph 83 des Iranischen Strafgesetzbuches,Queen,,
We won’t stop until somebody calls the cops and even then we’ll start again and just pretend that nothing ever happened.,Goldman Sachs,Kimya Dawson,,
"Weise ist, wer seine Existenz eintönig gestaltet. Denn dann besitzt jeder kleine Zwischenfall das Privileg eines Wunders.",Henry Ford,Fernando Pessoa,,
"Wenn alle Experten einig sind, ist Vorsicht geboten.",Beatrix von Storch,Bertrand Russell,,
"Wenn das so gut ist, warum gibt es keinen Teil 2?",SARS-CoV-2,Unbekannt,,
"Wenn der Kuss gesundheitsschädlich wäre, wie Gesundheitsapostel immer wieder behaupten, wäre ich schon längst tot.",Sheldon Cooper,Brigitte Bardot,,
"Wenn der Kuss gesundheitsschädlich wäre, wie Gesundheitsapostel immer wieder behaupten, wäre ich schon längst tot.",Buddha,Brigitte Bardot,,
"Wenn die Amerikanerin so lieben könnte, wie die Deutsche glaubt, dass die Französin es täte - dann würde sich die Engländerin schön freuen. Sie hätte einen herrlichen Anlass, sich zu entrüsten.",Euripides,Kurt Tucholsky,,
"Wenn die Sonne der Kultur niedrig steht, werfen selbst Zwerge lange Schatten.",Tom Cruise,"angeblich Karl Kraus ",,
"Wenn einer eine Reise tut, dann kann er was erzählen.",Murat Kurnaz,Matthias Claudius,,
"Wenn Gott in allem wohnt, was im Universum existiert, wenn der Gelehrte wie der Straßenkehrer von Gott sind, dann gibt es keinen, der hoch ist, und keinen, der niedrig ist, alle sind ohne Einschränkung gleich, sie sind gleich, weil sie die Geschöpfe jenes Schöpfers sind.",Ludwig XIV.,Mahatma Gandhi,,http://www.poeteus.de/zitat/Wenn-Gott-in-allem-wohnt-was-im-Universum-existiert-wenn-der-Gelehrte-wie-der-Stra%C3%9Fenkehrer-von-Gott-sind-dann-gibt-es-keine/117
"Wenn ich die Folgen geahnt hätte, wäre ich Uhrmacher geworden.",Adolf Hitler,Albert Einstein,,
"Wenn ich mit meiner Relativitätstheorie recht behalte, werden die Deutschen sagen, ich sei Deutscher, und die Franzosen, ich sei Weltbürger. Erweist sich meine Theorie als falsch, werden die Franzosen sagen, ich sei Deutscher, und die Deutschen, ich sei Jude.",Kurt Tucholsky,Albert Einstein,,
"Wenn ich sterbe, werden irgendwelche Leute mir alle möglichen pseudointellektuellen Zitate zuordnen und sie im Internet für 'n paar Likes posten.",Albert Einstein,Unbekannt,,
"Wenn jeder an sich denkt, ist an alle gedacht.",Max Stirner,Unbekannt,,
"Wenn jemand in einem Betrieb unverzichtbar ist, dann ist dieser Betrieb falsch organisiert.",Elon Musk,Roberto Niederer,,
"Wenn Karrieren schwindelnde Höhen erreichen, ist der Schwindel häufig nicht mehr nachzuweisen.",Karl May,Werner Schneyder,,
"Wenn man ein 0:2 kassiert, dann ist ein 1:1 nicht mehr möglich",Satz des Pythagoras,Aleksandar Ristic,,
"Wenn man ein 0:2 kassiert, dann ist ein 1:1 nicht mehr möglich.",Satz des Pythagoras,Aleksandar Ristic,,
"Wenn man genug Geld hat, stellt sich der gute Ruf ganz von selbst ein.",Jeff Bezos,Erich Kästner,,
"Wenn man sagt, dass man einer Sache grundsätzlich zustimmt, so bedeutet es, dass man nicht die geringste Absicht hat, sie in der Praxis umzusetzen.",Bündnis 90/Die Grünen,Otto von Bismarck,,
"Wenn man tot ist, ist das für einen selber nicht schlimm, da man ja tot ist, nur die anderen müssen damit zurecht kommen. Genauso ist das, wenn man dumm ist.",Francisco Largo Caballero,Unbekannt,,
"Wenn man tot ist, ist das für einen selber nicht schlimm, da man ja tot ist, nur die anderen müssen damit zurecht kommen. Genauso ist das, wenn man dumm ist.",Batman zu Robin,Unbekannt,,
"Wenn man zu Gott spricht, ist man religiös. Wenn Gott mit einem spricht, ist man irre.",Ein brennender Dornbusch,Dr. Gregory House,,
"Wenn Sie kein Brot haben, sollen Sie doch Kuchen essen.",Coppenrath &amp; Wiese,Marie Antoinette zugeschrieben,,
"Wenn Sie sich waschen und rasieren, haben Sie in drei Wochen einen Job.",Hamid Karzai kündigt das Taliban-Aussteigerprogramm an,Kurt Beck,,https://www.spiegel.de/politik/deutschland/kurt-becks-arbeitslosen-schelte-waschen-und-rasieren-dann-kriegen-sie-auch-einen-job-a-454389.html
"Wenn Sie vom Hauptbahnhof in München… mit zehn Minuten, ohne, dass Sie am Flughafen noch einchecken müssen, dann starten Sie im Grunde genommen am Flughafen…  am… am Hauptbahnhof in München starten Sie ihren Flug. Zehn Minuten.",Lukas der Lokomotivführer,Edmund Stoiber,,
"Wenn Wahlen etwas ändern würden, dann wären sie verboten.",Wladimir Putin,Emma Goldman,,"angeblich von Rosa Luxemburg oder Kurt Tucholsky. https://taz.de/Nichtwaehlen-Oder-was-sonst/!5155670/ laut https://www.aphorismen.de/zitat/56087 deutsches Sprichwort; laut https://www.sueddeutsche.de/muenchen/ebersberg/wahlbeteitligung-viel-einfluss-wenig-interesse-1.4781967 von Mark Twain, Kurt Tucholsky oder der Friedensaktivistin und Anarchistin Emma Goldman; laut https://tucholsky-gesellschaft.de/2016/03/17/angebliche-tucholsky-zitate/ nicht von Tucholsky eher von Emma Goldman"
"Wenn Wahlen etwas ändern würden, dann wären sie verboten.",Bodo Ramelow,Emma Goldman,,
"Wenn wir Männer die Frau bekämen, die wir verdienen, könnte uns nichts Schlimmeres passieren.",Donald Trump,Oscar Wilde,,
Wenn’s mal wieder länger dauert…,Flughafen BER,Snickers-Werbung,,
"Wer als Werkzeug nur einen Hammer hat, sieht in jedem Problem einen Nagel.",Thor,Paul Watzlawick,,
Wer bin ich - und wenn ja wie viele?,Anonymous,Buch von Richard David Precht,,"https://en.wikipedia.org/wiki/Wer_bin_ich_%E2%80%93_und_wenn_ja,_wie_viele%3F"
"Wer das liest, ist doof.",Thilo Sarrazin,Buch von Jürgen Jankofsky,,https://www.amazon.de/-/en/J%C3%BCrgen-Jankofsky/dp/3931950557
"Wer Dein Haus zur Ruine macht, möchte sicherlich, dass Du den Himmel siehst.",Afghanisches Sprichwort,Robert Louis Stevenson,,
"Wer die Mauer untergräbt, wird unter ihr begraben.",Donald Trump,Leonardo da Vinci,,
"Wer genießen kann, trinkt keinen Wein mehr, sondern kostet Geheimnisse.",Kim Kardashian,Salvador Dali,,
"Wer glaubt, ein Christ zu sein, weil er die Kirche besucht, irrt sich. Man wird ja auch kein Auto, wenn man in einer Garage steht.",Donald Trump,Albert Schweitzer,,
"Wer gut wirtschaften will, sollte nur die Hälfte seiner Einnahmen ausgeben, wenn er reich werden will, sogar nur ein Drittel.",Honoré de Balzac,Francis Bacon,,
Wer hat an der Uhr gedreht?,Salvador Dali,Paulchen Panther,,
"Wer im Geld schwimmt, hält einen Rettungsring für eine Zumutung.",Baptist,Ernst R. Hauschka,,
"Wer in Glaubenssachen den Verstand befragt, kriegt unchristliche Antworten.",Der Papst,Wilhelm Busch,,
"Wer kämpft, kann verlieren, wer nicht kämpft, hat schon verloren.",Optimus Prime,Bertolt Brecht,,
"Wer lügt, hat die Wahrheit immerhin gedacht.",Kim Jong-Il,Oliver Hassencamp,,
"Wer mit 20 kein Kommunist war, hat kein Herz. Aber wer mit 40 noch Kommunist ist, der hat keinen Verstand.",Josef Stalin,Winston Churchill,,
"Wer nicht auf seine Weise denkt, denkt überhaupt nicht.","Markus ""Notch"" Persson",Oscar Wilde,,
"Wer nicht eine Million Leser erwartet, sollte keine Zeile schreiben.",Anne Frank,Johann Wolfgang von Goethe,,
"Wer sich nicht seiner Vergangenheit erinnert, ist verurteilt sie zu wiederholen.",Rocky Balboa,George Santayana,,
"Wer sich selbst treu bleiben will, kann nicht immer anderen treu bleiben.",Jean Paul Sartre,Christian Morgenstern,,
"Wer sich selbst treu bleiben will, kann nicht immer anderen treu bleiben.",Giacoma Casanova,Christian Morgenstern,,
"Wer so tut, als bringe er die Menschen zum Nachdenken, den lieben sie. Wer sie wirklich zum Nachdenken bringt, den hassen sie.",Andreas Scheuer,Aldous Huxley,,
"Wer verborgen bleibt, hat ein schönes Leben.",Internationale Atomenergie-Organisation,Ovid,,
"Wer will fleißige Handwerker sehen, der muss zu uns Kindern gehen.",Ein Apple-Zulieferer,Liedermichel,,
"Wer Wind sät, wird Sturm ernten.",Jörg Kachelmann,Hosea 8:7,,
What shall we do with a drunken sailor?,Passagiere der Costa Concordia,Ein Seemannslied,,
"When I get sad, I stop being sad and be awesome instead.",Der Dalai Lama,Barney Stinson,,
Widerstand ist zwecklos.,Nestlé,Die Borg,,
Widerstand ist zwecklos.,Recep Tayyip Erdoğan zur Presse,Die Borg,,https://www.helpster.de/widerstand-ist-zwecklos-wissenswertes-ueber-star-trek-die-borg_157459
"Willst du den Wert des Geldes kennenlernen, geh und versuche dir welches zu borgen.",Smava GmbH,Benjamin Franklin,,
"Winter, Spring, Summer or fall all you have to do is call, and I’ll be there.",Der Notarzt,Carole King,,
Wir brauchen mehr Wachstum.,Papa Schlumpf,Unbekannt,,halt ein allgemeiner Satz
"Wir hatten zwei Beutel Gras, fünfundsiebzig Kügelchen Meskalin, fünf Löschblattbögen extrastarkes Acid, einen Salzstreuer halbvoll mit Kokain und ein ganzes Spektrum vielfarbiger Upper, Downer, Heuler, Lacher… nicht, dass wir das ganze Zeug für den Trip wirklich brauchten, aber wenn man sich einmal darauf einlässt, eine ernsthafte Drogen-Sammlung anzulegen, neigt man eben dazu, extrem zu werden.",Tinky Winky,Raoul Duke,,
Wir Kommunisten sind alle Tote auf Urlaub.,Lew Dawidowitsch Bronstein,Eugen Leviné,,
Wir Kommunisten sind alle Tote auf Urlaub.,Der Papst,Eugen Leviné,,
Wir lassen uns nicht nervös machen und das geben wir auch nicht zu.,Die Aktienmärkte,Olaf Thon,,
"Wir lieben immer die Menschen, die uns bewundern. Aber nicht immer die, die wir bewundern.",Laura Müller,François VI. de La Rochefoucauld,,
Wir müssen den Kindern mehr Deutsch lernen.,Verein zur Rettung der Deutschen Sprache,Jule Philippi,,
"Wir müssen gewinnen, alles andere ist primär.",Julius Caesar,Hans Krankl,,
"Wir wollen, dass die christlich-abendländische Kultur die Leitkultur bleibt und nicht aufgeht in einem Mischmasch.",DJ Bobo,Edmund Stoiber,,
"Wissen Sie schon, dass man ein weiches Ei nicht als Zahnstocher benutzen soll?",Ein Dozent," Karl Valentin",,
Witz ist wie Kaviar: Er sollte nur in kleinen Bissen genossen werden und nicht dick aufgetragen wie Marmelade.,Anton Schlecker,Noël Coward,,
"Wo die Natur nicht will, ist die Arbeit umsonst.",Thomas Alva Edison,Lucius Annaeus Seneca,Von der Gemütsruhe,
"Wo es den Rednern an Tiefe fehlt, da gehen sie in die Breite.",Fatman,"Charles-Louis de Secondat, Baron de La Brède de Montesquieu",,
"Wo Menschen angebetet werden, ist es gut, sich zu entfernen.",Der Papst,Günther Weisenborn,,
"Wo zwei oder drei in meinem Namen versammelt sind, da bin ich mitten unter ihnen.",Gina Wild,Matthaeus 18:20,,
Wolle mer se reilasse?,Ein Herbergswirt zu seiner Frau im Jahre 4 v. Chr.,Unbekannt,beim Karneval,Nicht eindeutig
Words don’t come easy to me.,Günther Oettinger,F.R. David,,
"Worte sind die mächtigste Droge, welche die Menschheit benutzt.",Kai-Uwe Kling,Rudyard Kipling,,
You talkin’ to me?,Guido Westerwelle auf einer Pressekonferenz,Travis Bickle,,
You’re so fucking special. I wish I was special. But I’m a creep. I’m a weirdo.,Gollum,Radio Head,,
"Zeichnen ist Sprache für die Augen, Sprache ist Malerei für das Ohr.",David Copperfield,Joseph Joubert,,
"Zu 50% stehen wir im Viertelfinale, aber die halbe Miete ist das noch lange nicht.",Teilnehmer der Mathematik-Olympiade (im 8telFinale ausgeschieden),Rudi Völler,,
Zu den Steinen hat einer gesagt: 'Seid menschlich.' Die Steine haben gesagt: 'Wir sind noch nicht hart genug.',Chuck Norris,Erich Fried,,
"Zu mancher richtigen Entscheidung kam es nur, weil der Weg zur Falschen gerade nicht frei war.",Galileo Galilei,Hans Krailsheimer,,
"Zu mancher richtigen Entscheidung kam es nur, weil der Weg zur Falschen gerade nicht frei war.",Gott,Hans Krailsheimer,,
Zuerst hatten wir kein Glück und dann kam auch noch Pech dazu.,Hiob,Jürgen Wegmann,,
Zuerst hatten wir kein Glück und dann kam auch noch Pech dazu.,Paul Sethe,Jürgen Wegmann,,
"Zwei Dinge sind unendlich, das Universum und die menschliche Dummheit, aber bei dem Universum bin ich mir noch nicht ganz sicher.",Claudius Ptolemäus,Albert Einstein,,
"Zwei Dinge sind unendlich, das Universum und die menschliche Dummheit, aber bei dem Universum bin ich mir noch nicht ganz sicher.",Albert Einstein,Albert Einstein,,
"Zwei Dinge sind unendlich, das Universum und die menschliche Dummheit, aber bei dem Universum bin ich mir noch nicht ganz sicher.",Mr. Spock,Albert Einstein,,
Zwei Dinge wird ein Mann niemals verstehen: das Geheimnis der Schöpfung und den Hut einer Frau.,Karl Lagerfeld,Coco Chanel,,
Zwischen zu früh und zu spät liegt immer nur ein Augenblick.,Prince of Persia,Franz Werfe,,